BookingCust_ID,TIcketHolder_ID
C_0001,C_0001
C_0002,C_0002
C_0003,C_0003
C_0004,C_0004
C_0005,C_0005
C_0005,C_0010
C_0005,C_0011
C_0005,C_0012
C_0005,C_0013
C_0005,C_0014
C_0005,C_0015
C_0016,C_0016
C_0016,C_0017
C_0016,C_0017
C_0016,C_0018
C_0016,C_0018
C_0016,C_0019
C_0016,C_0019
C_0020,C_0020
C_0020,C_0021
C_0020,C_0021
C_0020,C_0022
C_0020,C_0023
C_0020,C_0023
C_0020,C_0023
C_0020,C_0024
C_0025,C_0025
C_0025,C_0026
C_0025,C_0027
C_0025,C_0028
C_0025,C_0029
C_0030,C_0030
C_0030,C_0031
C_0030,C_0032
C_0030,C_0033
C_0030,C_0034
C_0030,C_0035
C_0030,C_0036
C_0030,C_0037
C_0030,C_0038
C_0039,C_0039
C_0039,C_0040
C_0039,C_0041
C_0039,C_0042
C_0039,C_0043
C_0039,C_0044
C_0039,C_0045
C_0039,C_0046
C_0047,C_0047
C_0048,C_0048
C_0049,C_0049
C_0050,C_0050
C_0051,C_0051
C_0051,C_0551
C_0051,C_0551
C_0051,C_0552
C_0051,C_0552
C_0051,C_0553
C_0051,C_0553
C_0051,C_0554
C_0051,C_0554
C_0051,C_0555
C_0051,C_0556
C_0051,C_0557
C_0052,C_0052
C_0052,C_0053
C_0052,C_0558
C_0052,C_0558
C_0052,C_0559
C_0052,C_0559
C_0052,C_0560
C_0054,C_0054
C_0054,C_0055
C_0054,C_0561
C_0054,C_0561
C_0056,C_0056
C_0056,C_0057
C_0056,C_0562
C_0056,C_0562
C_0058,C_0058
C_0058,C_0059
C_0058,C_0563
C_0058,C_0563
C_0058,C_0564
C_0058,C_0564
C_0058,C_0565
C_0058,C_0565
C_0060,C_0060
C_0060,C_0061
C_0060,C_0062
C_0060,C_0063
C_0064,C_0064
C_0064,C_0065
C_0064,C_0066
C_0064,C_0067
C_0068,C_0068
C_0068,C_0069
C_0068,C_0070
C_0068,C_0071
C_0068,C_0072
C_0068,C_0073
C_0068,C_0074
C_0068,C_0075
C_0068,C_0076
C_0068,C_0077
C_0068,C_0078
C_0068,C_0079
C_0068,C_0080
C_0068,C_0081
C_0068,C_0082
C_0068,C_0083
C_0068,C_0084
C_0068,C_0085
C_0068,C_0086
C_0068,C_0087
C_0068,C_0088
C_0088,C_0088
C_0088,C_0088
C_0088,C_0089
C_0088,C_0089
C_0090,C_0090
C_0090,C_0090
C_0090,C_0090
C_0090,C_0091
C_0090,C_0091
C_0092,C_0092
C_0092,C_0092
C_0092,C_0092
C_0092,C_0092
C_0092,C_0093
C_0092,C_0093
C_0092,C_0094
C_0092,C_0094
C_0095,C_0095
C_0095,C_0095
C_0095,C_0095
C_0095,C_0095
C_0095,C_0096
C_0095,C_0096
C_0095,C_0097
C_0095,C_0097
C_0098,C_0098
C_0098,C_0098
C_0098,C_0098
C_0098,C_0098
C_0098,C_0099
C_0098,C_0099
C_0100,C_0100
C_0100,C_0100
C_0100,C_0100
C_0101,C_0101
C_0101,C_0102
C_0101,C_0103
C_0101,C_0104
C_0101,C_0105
C_0101,C_0106
C_0101,C_0107
C_0101,C_0108
C_0101,C_0109
C_0101,C_0110
C_0111,C_0111
C_0111,C_0112
C_0111,C_0113
C_0111,C_0114
C_0115,C_0115
C_0115,C_0116
C_0115,C_0117
C_0115,C_0118
C_0115,C_0119
C_0115,C_0120
C_0115,C_0121
C_0122,C_0122
C_0122,C_0123
C_0122,C_0124
C_0122,C_0125
C_0122,C_0126
C_0122,C_0127
C_0122,C_0128
C_0122,C_0129
C_0122,C_0130
C_0122,C_0131
C_0122,C_0132
C_0122,C_0133
C_0122,C_0134
C_0135,C_0135
C_0135,C_0209
C_0135,C_0266
C_0135,C_0374
C_0136,C_0136
C_0136,C_0375
C_0137,C_0137
C_0137,C_0210
C_0137,C_0267
C_0137,C_0376
C_0138,C_0138
C_0138,C_0210
C_0138,C_0267
C_0138,C_0377
C_0139,C_0139
C_0139,C_0211
C_0139,C_0378
C_0140,C_0140
C_0140,C_0379
C_0141,C_0141
C_0141,C_0211
C_0141,C_0268
C_0141,C_0380
C_0142,C_0142
C_0142,C_0268
C_0142,C_0381
C_0143,C_0143
C_0143,C_0212
C_0143,C_0382
C_0144,C_0144
C_0144,C_0212
C_0144,C_0269
C_0144,C_0383
C_0145,C_0145
C_0145,C_0213
C_0145,C_0269
C_0145,C_0384
C_0146,C_0146
C_0146,C_0385
C_0147,C_0147
C_0147,C_0213
C_0147,C_0270
C_0147,C_0386
C_0148,C_0148
C_0148,C_0270
C_0148,C_0387
C_0149,C_0149
C_0149,C_0214
C_0149,C_0388
C_0150,C_0150
C_0150,C_0214
C_0150,C_0271
C_0150,C_0389
C_0151,C_0151
C_0151,C_0215
C_0151,C_0271
C_0151,C_0390
C_0152,C_0152
C_0152,C_0391
C_0153,C_0153
C_0153,C_0215
C_0153,C_0272
C_0153,C_0392
C_0154,C_0154
C_0154,C_0272
C_0154,C_0393
C_0155,C_0155
C_0155,C_0216
C_0155,C_0273
C_0155,C_0394
C_0156,C_0156
C_0156,C_0216
C_0156,C_0273
C_0156,C_0395
C_0157,C_0157
C_0157,C_0217
C_0157,C_0396
C_0158,C_0158
C_0158,C_0397
C_0159,C_0159
C_0159,C_0217
C_0159,C_0274
C_0159,C_0398
C_0160,C_0160
C_0160,C_0274
C_0160,C_0399
C_0161,C_0161
C_0161,C_0218
C_0161,C_0275
C_0161,C_0400
C_0162,C_0162
C_0162,C_0218
C_0162,C_0275
C_0162,C_0401
C_0162,C_0219
C_0162,C_0275
C_0162,C_0402
C_0162,C_0276
C_0162,C_0403
C_0163,C_0163
C_0163,C_0404
C_0163,C_0276
C_0163,C_0405
C_0163,C_0406
C_0164,C_0164
C_0164,C_0220
C_0164,C_0277
C_0164,C_0407
C_0164,C_0221
C_0164,C_0277
C_0164,C_0408
C_0164,C_0409
C_0164,C_0589
C_0164,C_0616
C_0164,C_0627
C_0165,C_0165
C_0165,C_0278
C_0165,C_0410
C_0165,C_0589
C_0165,C_0616
C_0165,C_0278
C_0165,C_0411
C_0165,C_0590
C_0165,C_0617
C_0165,C_0279
C_0165,C_0412
C_0165,C_0590
C_0165,C_0617
C_0165,C_0628
C_0166,C_0166
C_0166,C_0222
C_0166,C_0279
C_0166,C_0413
C_0166,C_0591
C_0166,C_0618
C_0166,C_0629
C_0166,C_0223
C_0166,C_0279
C_0166,C_0414
C_0166,C_0591
C_0166,C_0618
C_0166,C_0415
C_0166,C_0592
C_0166,C_0619
C_0167,C_0167
C_0167,C_0280
C_0167,C_0416
C_0167,C_0592
C_0167,C_0619
C_0167,C_0630
C_0167,C_0280
C_0167,C_0417
C_0167,C_0609
C_0167,C_0620
C_0167,C_0631
C_0167,C_0281
C_0167,C_0418
C_0167,C_0609
C_0167,C_0620
C_0168,C_0168
C_0168,C_0224
C_0168,C_0281
C_0168,C_0419
C_0168,C_0610
C_0168,C_0621
C_0168,C_0225
C_0168,C_0281
C_0168,C_0420
C_0168,C_0610
C_0168,C_0621
C_0168,C_0632
C_0168,C_0421
C_0168,C_0611
C_0168,C_0622
C_0168,C_0633
C_0169,C_0169
C_0169,C_0282
C_0169,C_0422
C_0169,C_0611
C_0169,C_0622
C_0169,C_0282
C_0169,C_0423
C_0169,C_0612
C_0169,C_0623
C_0169,C_0283
C_0169,C_0424
C_0169,C_0612
C_0169,C_0623
C_0169,C_0634
C_0170,C_0170
C_0170,C_0226
C_0170,C_0283
C_0170,C_0425
C_0170,C_0613
C_0170,C_0624
C_0170,C_0635
C_0170,C_0227
C_0170,C_0283
C_0170,C_0426
C_0170,C_0613
C_0170,C_0624
C_0170,C_0427
C_0170,C_0614
C_0170,C_0625
C_0171,C_0171
C_0171,C_0284
C_0171,C_0428
C_0171,C_0614
C_0171,C_0625
C_0171,C_0636
C_0171,C_0284
C_0171,C_0429
C_0171,C_0615
C_0171,C_0626
C_0171,C_0637
C_0171,C_0285
C_0171,C_0430
C_0171,C_0615
C_0171,C_0626
C_0172,C_0172
C_0172,C_0228
C_0172,C_0431
C_0172,C_0229
C_0172,C_0285
C_0172,C_0432
C_0172,C_0433
C_0173,C_0173
C_0173,C_0286
C_0173,C_0434
C_0173,C_0286
C_0173,C_0435
C_0173,C_0287
C_0173,C_0436
C_0174,C_0174
C_0174,C_0230
C_0174,C_0437
C_0174,C_0231
C_0174,C_0287
C_0174,C_0438
C_0174,C_0439
C_0175,C_0175
C_0175,C_0231
C_0175,C_0288
C_0175,C_0288
C_0175,C_0232
C_0175,C_0440
C_0175,C_0232
C_0175,C_0289
C_0175,C_0441
C_0175,C_0233
C_0175,C_0289
C_0176,C_0176
C_0176,C_0233
C_0177,C_0177
C_0177,C_0290
C_0177,C_0442
C_0177,C_0234
C_0177,C_0290
C_0177,C_0443
C_0177,C_0234
C_0177,C_0291
C_0177,C_0444
C_0177,C_0235
C_0177,C_0291
C_0177,C_0444
C_0177,C_0638
C_0177,C_0669
C_0177,C_0700
C_0177,C_0731
C_0177,C_0853
C_0177,C_0886
C_0177,C_0931
C_0177,C_0993
C_0178,C_0178
C_0178,C_0235
C_0178,C_0292
C_0178,C_0445
C_0178,C_0638
C_0178,C_0669
C_0178,C_0700
C_0178,C_0731
C_0178,C_0853
C_0178,C_0887
C_0178,C_0932
C_0178,C_0994
C_0179,C_0179
C_0179,C_0235
C_0179,C_0293
C_0179,C_0445
C_0179,C_0639
C_0179,C_0670
C_0179,C_0701
C_0179,C_0732
C_0179,C_0854
C_0179,C_0887
C_0179,C_0933
C_0179,C_0995
C_0179,C_0236
C_0179,C_0294
C_0179,C_0446
C_0179,C_0639
C_0179,C_0670
C_0179,C_0701
C_0179,C_0732
C_0179,C_0854
C_0179,C_0888
C_0179,C_0934
C_0179,C_0996
C_0179,C_0236
C_0179,C_0295
C_0179,C_0446
C_0179,C_0640
C_0179,C_0671
C_0179,C_0702
C_0179,C_0733
C_0179,C_0855
C_0179,C_0888
C_0179,C_0935
C_0179,C_0997
C_0179,C_0296
C_0179,C_0447
C_0179,C_0640
C_0179,C_0671
C_0179,C_0702
C_0179,C_0733
C_0179,C_0855
C_0179,C_0889
C_0179,C_0936
C_0179,C_0998
C_0179,C_0297
C_0179,C_0447
C_0179,C_0641
C_0179,C_0672
C_0179,C_0703
C_0179,C_0734
C_0179,C_0856
C_0179,C_0889
C_0179,C_0937
C_0179,C_0999
C_0180,C_0180
C_0180,C_0237
C_0180,C_0298
C_0180,C_0448
C_0180,C_0641
C_0180,C_0672
C_0180,C_0703
C_0180,C_0734
C_0180,C_0857
C_0180,C_0890
C_0180,C_0938
C_0180,C_1000
C_0181,C_0181
C_0181,C_0237
C_0181,C_0299
C_0181,C_0448
C_0181,C_0642
C_0181,C_0673
C_0181,C_0704
C_0181,C_0735
C_0181,C_0858
C_0181,C_0891
C_0181,C_0939
C_0181,C_0238
C_0181,C_0309
C_0181,C_0449
C_0181,C_0642
C_0181,C_0673
C_0181,C_0704
C_0181,C_0735
C_0181,C_0859
C_0181,C_0892
C_0181,C_0940
C_0181,C_0238
C_0181,C_0310
C_0181,C_0449
C_0181,C_0643
C_0181,C_0674
C_0181,C_0705
C_0181,C_0736
C_0181,C_0860
C_0181,C_0893
C_0181,C_0941
C_0181,C_0311
C_0181,C_0450
C_0181,C_0643
C_0181,C_0705
C_0181,C_0736
C_0181,C_0861
C_0181,C_0894
C_0181,C_0942
C_0181,C_0312
C_0181,C_0450
C_0181,C_0644
C_0181,C_0675
C_0181,C_0706
C_0181,C_0737
C_0181,C_0861
C_0181,C_0895
C_0181,C_0943
C_0182,C_0182
C_0182,C_0239
C_0182,C_0313
C_0182,C_0451
C_0182,C_0644
C_0182,C_0675
C_0182,C_0706
C_0182,C_0737
C_0182,C_0862
C_0182,C_0896
C_0182,C_0944
C_0183,C_0183
C_0183,C_0239
C_0183,C_0314
C_0183,C_0451
C_0183,C_0645
C_0183,C_0676
C_0183,C_0707
C_0183,C_0738
C_0183,C_0862
C_0183,C_0897
C_0183,C_0945
C_0183,C_0240
C_0183,C_0315
C_0183,C_0452
C_0183,C_0645
C_0183,C_0676
C_0183,C_0707
C_0183,C_0738
C_0183,C_0863
C_0183,C_0898
C_0183,C_0946
C_0183,C_0240
C_0183,C_0316
C_0183,C_0452
C_0183,C_0646
C_0183,C_0677
C_0183,C_0708
C_0183,C_0739
C_0183,C_0863
C_0183,C_0899
C_0183,C_0947
C_0183,C_0317
C_0183,C_0453
C_0183,C_0646
C_0183,C_0708
C_0183,C_0739
C_0183,C_0864
C_0183,C_0948
C_0183,C_0318
C_0183,C_0453
C_0183,C_0647
C_0183,C_0678
C_0183,C_0709
C_0183,C_0740
C_0183,C_0864
C_0183,C_0900
C_0183,C_0949
C_0184,C_0184
C_0184,C_0241
C_0184,C_0319
C_0184,C_0454
C_0184,C_0647
C_0184,C_0678
C_0184,C_0709
C_0184,C_0740
C_0184,C_0865
C_0184,C_0900
C_0184,C_0950
C_0185,C_0185
C_0185,C_0241
C_0185,C_0320
C_0185,C_0454
C_0185,C_0648
C_0185,C_0679
C_0185,C_0710
C_0185,C_0741
C_0185,C_0865
C_0185,C_0951
C_0185,C_0242
C_0185,C_0321
C_0185,C_0455
C_0185,C_0648
C_0185,C_0679
C_0185,C_0710
C_0185,C_0741
C_0185,C_0866
C_0185,C_0952
C_0185,C_0242
C_0185,C_0322
C_0185,C_0455
C_0185,C_0649
C_0185,C_0680
C_0185,C_0711
C_0185,C_0742
C_0185,C_0866
C_0185,C_0901
C_0185,C_0953
C_0185,C_0323
C_0185,C_0456
C_0185,C_0649
C_0185,C_0680
C_0185,C_0711
C_0185,C_0742
C_0185,C_0867
C_0185,C_0902
C_0185,C_0954
C_0185,C_0324
C_0185,C_0456
C_0185,C_0650
C_0185,C_0681
C_0185,C_0712
C_0185,C_0743
C_0185,C_0867
C_0185,C_0902
C_0185,C_0955
C_0186,C_0186
C_0186,C_0243
C_0186,C_0325
C_0186,C_0457
C_0186,C_0650
C_0186,C_0681
C_0186,C_0712
C_0186,C_0743
C_0186,C_0868
C_0186,C_0956
C_0187,C_0187
C_0187,C_0243
C_0187,C_0326
C_0187,C_0457
C_0187,C_0651
C_0187,C_0682
C_0187,C_0713
C_0187,C_0744
C_0187,C_0868
C_0187,C_0957
C_0187,C_0244
C_0187,C_0327
C_0187,C_0458
C_0187,C_0651
C_0187,C_0682
C_0187,C_0713
C_0187,C_0744
C_0187,C_0869
C_0187,C_0958
C_0187,C_0244
C_0187,C_0328
C_0187,C_0458
C_0187,C_0652
C_0187,C_0683
C_0187,C_0714
C_0187,C_0745
C_0187,C_0869
C_0187,C_0903
C_0187,C_0959
C_0187,C_0329
C_0187,C_0459
C_0187,C_0652
C_0187,C_0683
C_0187,C_0714
C_0187,C_0745
C_0187,C_0870
C_0187,C_0960
C_0187,C_0330
C_0187,C_0459
C_0187,C_0653
C_0187,C_0684
C_0187,C_0715
C_0187,C_0746
C_0187,C_0870
C_0187,C_0904
C_0187,C_0961
C_0188,C_0188
C_0188,C_0245
C_0188,C_0331
C_0188,C_0460
C_0188,C_0653
C_0188,C_0684
C_0188,C_0715
C_0188,C_0746
C_0188,C_0871
C_0188,C_0904
C_0188,C_0962
C_0189,C_0189
C_0189,C_0245
C_0189,C_0331
C_0189,C_0460
C_0189,C_0654
C_0189,C_0685
C_0189,C_0716
C_0189,C_0747
C_0189,C_0871
C_0189,C_0963
C_0189,C_0246
C_0189,C_0332
C_0189,C_0461
C_0189,C_0654
C_0189,C_0685
C_0189,C_0716
C_0189,C_0747
C_0189,C_0872
C_0189,C_0964
C_0189,C_0246
C_0189,C_0332
C_0189,C_0461
C_0189,C_0655
C_0189,C_0686
C_0189,C_0717
C_0189,C_0839
C_0189,C_0872
C_0189,C_0905
C_0189,C_0965
C_0189,C_0333
C_0189,C_0462
C_0189,C_0686
C_0189,C_0717
C_0189,C_0839
C_0189,C_0873
C_0189,C_0966
C_0189,C_0333
C_0189,C_0462
C_0189,C_0656
C_0189,C_0687
C_0189,C_0718
C_0189,C_0840
C_0189,C_0873
C_0189,C_0906
C_0189,C_0967
C_0190,C_0190
C_0190,C_0247
C_0190,C_0334
C_0190,C_0463
C_0190,C_0656
C_0190,C_0687
C_0190,C_0718
C_0190,C_0840
C_0190,C_0874
C_0190,C_0906
C_0190,C_0968
C_0191,C_0191
C_0191,C_0247
C_0191,C_0334
C_0191,C_0463
C_0191,C_0657
C_0191,C_0688
C_0191,C_0719
C_0191,C_0841
C_0191,C_0874
C_0191,C_0907
C_0191,C_0969
C_0191,C_0248
C_0191,C_0335
C_0191,C_0464
C_0191,C_0657
C_0191,C_0688
C_0191,C_0719
C_0191,C_0841
C_0191,C_0875
C_0191,C_0908
C_0191,C_0970
C_0191,C_0248
C_0191,C_0335
C_0191,C_0464
C_0191,C_0658
C_0191,C_0689
C_0191,C_0720
C_0191,C_0842
C_0191,C_0875
C_0191,C_0909
C_0191,C_0971
C_0191,C_0336
C_0191,C_0465
C_0191,C_0658
C_0191,C_0689
C_0191,C_0720
C_0191,C_0842
C_0191,C_0876
C_0191,C_0910
C_0191,C_0972
C_0191,C_0336
C_0191,C_0465
C_0191,C_0659
C_0191,C_0690
C_0191,C_0721
C_0191,C_0843
C_0191,C_0876
C_0191,C_0911
C_0191,C_0973
C_0192,C_0192
C_0192,C_0249
C_0192,C_0337
C_0192,C_0466
C_0192,C_0659
C_0192,C_0690
C_0192,C_0721
C_0192,C_0843
C_0192,C_0877
C_0192,C_0912
C_0192,C_0974
C_0193,C_0193
C_0193,C_0249
C_0193,C_0337
C_0193,C_0466
C_0193,C_0660
C_0193,C_0691
C_0193,C_0722
C_0193,C_0844
C_0193,C_0877
C_0193,C_0913
C_0193,C_0975
C_0193,C_0250
C_0193,C_0338
C_0193,C_0467
C_0193,C_0660
C_0193,C_0691
C_0193,C_0722
C_0193,C_0844
C_0193,C_0878
C_0193,C_0914
C_0193,C_0976
C_0193,C_0250
C_0193,C_0338
C_0193,C_0467
C_0193,C_0661
C_0193,C_0692
C_0193,C_0723
C_0193,C_0845
C_0193,C_0878
C_0193,C_0915
C_0193,C_0977
C_0193,C_0339
C_0193,C_0468
C_0193,C_0692
C_0193,C_0723
C_0193,C_0845
C_0193,C_0879
C_0193,C_0916
C_0193,C_0978
C_0193,C_0339
C_0193,C_0468
C_0193,C_0662
C_0193,C_0693
C_0193,C_0724
C_0193,C_0846
C_0193,C_0879
C_0193,C_0917
C_0193,C_0979
C_0194,C_0194
C_0194,C_0251
C_0194,C_0340
C_0194,C_0491
C_0194,C_0514
C_0194,C_0542
C_0194,C_0662
C_0194,C_0693
C_0194,C_0724
C_0194,C_0846
C_0194,C_0880
C_0194,C_0918
C_0194,C_0980
C_0195,C_0195
C_0195,C_0251
C_0195,C_0469
C_0195,C_0492
C_0195,C_0514
C_0195,C_0543
C_0195,C_0663
C_0195,C_0694
C_0195,C_0725
C_0195,C_0847
C_0195,C_0880
C_0195,C_0919
C_0195,C_0981
C_0195,C_0252
C_0195,C_0470
C_0195,C_0492
C_0195,C_0515
C_0195,C_0544
C_0195,C_0663
C_0195,C_0694
C_0195,C_0725
C_0195,C_0847
C_0195,C_0881
C_0195,C_0920
C_0195,C_0982
C_0195,C_0252
C_0195,C_0341
C_0195,C_0470
C_0195,C_0493
C_0195,C_0515
C_0195,C_0545
C_0195,C_0664
C_0195,C_0695
C_0195,C_0726
C_0195,C_0848
C_0195,C_0881
C_0195,C_0921
C_0195,C_0983
C_0195,C_0342
C_0195,C_0493
C_0195,C_0516
C_0195,C_0546
C_0195,C_0664
C_0195,C_0695
C_0195,C_0726
C_0195,C_0848
C_0195,C_0882
C_0195,C_0922
C_0195,C_0984
C_0195,C_0471
C_0195,C_0494
C_0195,C_0516
C_0195,C_0547
C_0195,C_0665
C_0195,C_0696
C_0195,C_0727
C_0195,C_0849
C_0195,C_0882
C_0195,C_0923
C_0195,C_0985
C_0196,C_0196
C_0196,C_0253
C_0196,C_0494
C_0196,C_0517
C_0196,C_0548
C_0196,C_0665
C_0196,C_0696
C_0196,C_0727
C_0196,C_0849
C_0196,C_0883
C_0196,C_0924
C_0196,C_0986
C_0197,C_0197
C_0197,C_0253
C_0197,C_0343
C_0197,C_0472
C_0197,C_0495
C_0197,C_0517
C_0197,C_0549
C_0197,C_0666
C_0197,C_0697
C_0197,C_0728
C_0197,C_0850
C_0197,C_0883
C_0197,C_0925
C_0197,C_0987
C_0197,C_0254
C_0197,C_0344
C_0197,C_0473
C_0197,C_0495
C_0197,C_0518
C_0197,C_0549
C_0197,C_0666
C_0197,C_0697
C_0197,C_0728
C_0197,C_0850
C_0197,C_0884
C_0197,C_0926
C_0197,C_0988
C_0197,C_0197
C_0197,C_0254
C_0197,C_0344
C_0197,C_0473
C_0197,C_0496
C_0197,C_0518
C_0197,C_0550
C_0197,C_0667
C_0197,C_0698
C_0197,C_0729
C_0197,C_0851
C_0197,C_0884
C_0197,C_0927
C_0197,C_0989
C_0197,C_0345
C_0197,C_0474
C_0197,C_0496
C_0197,C_0519
C_0197,C_0550
C_0197,C_0667
C_0197,C_0698
C_0197,C_0729
C_0197,C_0851
C_0197,C_0885
C_0197,C_0928
C_0197,C_0990
C_0197,C_0255
C_0197,C_0345
C_0197,C_0474
C_0197,C_0497
C_0197,C_0519
C_0197,C_0566
C_0197,C_0668
C_0197,C_0699
C_0197,C_0730
C_0197,C_0852
C_0197,C_0885
C_0197,C_0929
C_0197,C_0991
C_0198,C_0198
C_0198,C_0346
C_0198,C_0475
C_0198,C_0497
C_0198,C_0520
C_0198,C_0566
C_0198,C_0668
C_0198,C_0699
C_0198,C_0730
C_0198,C_0852
C_0198,C_0886
C_0198,C_0930
C_0198,C_0992
C_0199,C_0199
C_0199,C_0346
C_0199,C_0475
C_0199,C_0498
C_0199,C_0520
C_0199,C_0347
C_0199,C_0476
C_0199,C_0498
C_0199,C_0521
C_0199,C_0567
C_0199,C_0199
C_0199,C_0256
C_0199,C_0347
C_0199,C_0476
C_0199,C_0499
C_0199,C_0521
C_0199,C_0256
C_0199,C_0348
C_0199,C_0477
C_0199,C_0522
C_0199,C_0568
C_0199,C_0348
C_0199,C_0477
C_0199,C_0500
C_0199,C_0522
C_0200,C_0200
C_0200,C_0349
C_0200,C_0478
C_0200,C_0500
C_0200,C_0523
C_0200,C_0569
C_0257,C_0201
C_0257,C_0257
C_0257,C_0349
C_0257,C_0478
C_0257,C_0501
C_0257,C_0258
C_0257,C_0350
C_0257,C_0479
C_0257,C_0501
C_0257,C_0524
C_0257,C_0570
C_0201,C_0201
C_0201,C_0258
C_0201,C_0350
C_0201,C_0479
C_0201,C_0502
C_0201,C_0524
C_0201,C_0258
C_0201,C_0351
C_0201,C_0480
C_0201,C_0502
C_0201,C_0525
C_0201,C_0571
C_0202,C_0202
C_0202,C_0259
C_0202,C_0352
C_0202,C_0480
C_0202,C_0503
C_0202,C_0525
C_0258,C_0202
C_0258,C_0259
C_0258,C_0353
C_0258,C_0481
C_0258,C_0503
C_0258,C_0572
C_0258,C_0203
C_0258,C_0354
C_0258,C_0481
C_0258,C_0504
C_0258,C_0526
C_0258,C_0355
C_0258,C_0482
C_0258,C_0504
C_0258,C_0527
C_0258,C_0573
C_0258,C_0203
C_0258,C_0356
C_0258,C_0482
C_0258,C_0505
C_0258,C_0527
C_0260,C_0260
C_0260,C_0357
C_0260,C_0483
C_0260,C_0528
C_0260,C_0574
C_0260,C_0204
C_0260,C_0261
C_0260,C_0358
C_0260,C_0483
C_0260,C_0506
C_0260,C_0528
C_0260,C_0204
C_0260,C_0359
C_0260,C_0484
C_0260,C_0506
C_0260,C_0575
C_0260,C_0205
C_0260,C_0360
C_0260,C_0484
C_0260,C_0507
C_0260,C_0529
C_0260,C_0361
C_0260,C_0485
C_0260,C_0507
C_0260,C_0530
C_0260,C_0576
C_0260,C_0205
C_0260,C_0362
C_0260,C_0485
C_0260,C_0508
C_0260,C_0530
C_0262,C_0262
C_0262,C_0363
C_0262,C_0486
C_0262,C_0531
C_0262,C_0577
C_0262,C_0206
C_0262,C_0263
C_0262,C_0364
C_0262,C_0509
C_0262,C_0532
C_0262,C_0578
C_0262,C_0206
C_0262,C_0365
C_0262,C_0487
C_0262,C_0509
C_0262,C_0533
C_0262,C_0578
C_0262,C_0207
C_0262,C_0366
C_0262,C_0487
C_0262,C_0510
C_0262,C_0534
C_0262,C_0579
C_0262,C_0367
C_0262,C_0488
C_0262,C_0510
C_0262,C_0535
C_0262,C_0207
C_0262,C_0368
C_0262,C_0488
C_0262,C_0511
C_0262,C_0536
C_0264,C_0264
C_0264,C_0369
C_0264,C_0511
C_0264,C_0537
C_0264,C_0580
C_0264,C_0208
C_0264,C_0265
C_0264,C_0370
C_0264,C_0489
C_0264,C_0512
C_0264,C_0538
C_0264,C_0581
C_0264,C_0585
C_0264,C_0208
C_0264,C_0371
C_0264,C_0490
C_0264,C_0512
C_0264,C_0539
C_0264,C_0581
C_0264,C_0585
C_0264,C_0209
C_0264,C_0372
C_0264,C_0490
C_0264,C_0513
C_0264,C_0540
C_0264,C_0582
C_0565,C_0266
C_0565,C_0373
C_0565,C_0491
C_0565,C_0513
C_0565,C_0541
C_0565,C_0582
C_0565,C_0586
C_0583,C_0583
C_0583,C_0587
C_0583,C_0583
C_0583,C_0587
C_0584,C_0584
C_0584,C_0588
C_0584,C_0584
C_0584,C_0588