SeatID,SeatCatID
V1A_001,1A
V1A_002,1A
V1A_003,1A
V1A_004,1A
V1A_005,1A
V1A_006,1A
V1A_007,1A
V1A_008,1A
V1A_009,1A
V1A_010,1A
V1A_011,1A
V1A_012,1A
V1A_013,1A
V1A_014,1A
V1A_015,1A
V1A_016,1A
V1A_017,1A
V1A_018,1A
V1A_019,1A
V1A_020,1A
V1A_021,1A
V1A_022,1A
V1A_023,1A
V1A_024,1A
V1A_025,1A
V1A_026,1A
V1A_027,1A
V1A_028,1A
V1A_029,1A
V1A_030,1A
V1A_031,1A
V1A_032,1A
V1A_033,1A
V1A_034,1A
V1A_035,1A
V1A_036,1A
V1A_037,1A
V1A_038,1A
V1A_039,1A
V1A_040,1A
V1A_041,1A
V1A_042,1A
V1A_043,1A
V1A_044,1A
V1A_045,1A
V1A_046,1A
V1A_047,1A
V1A_048,1A
V1A_049,1A
V1A_050,1A
V1B_051,1B
V1B_052,1B
V1B_053,1B
V1B_054,1B
V1B_055,1B
V1B_056,1B
V1B_057,1B
V1B_058,1B
V1B_059,1B
V1B_060,1B
V1B_061,1B
V1B_062,1B
V1B_063,1B
V1B_064,1B
V1B_065,1B
V1B_066,1B
V1B_067,1B
V1B_068,1B
V1B_069,1B
V1B_070,1B
V1B_071,1B
V1B_072,1B
V1B_073,1B
V1B_074,1B
V1B_075,1B
V1B_076,1B
V1B_077,1B
V1B_078,1B
V1B_079,1B
V1B_080,1B
V1B_081,1B
V1B_082,1B
V1B_083,1B
V1B_084,1B
V1B_085,1B
V1B_086,1B
V1B_087,1B
V1B_088,1B
V1B_089,1B
V1B_090,1B
V1B_091,1B
V1B_092,1B
V1B_093,1B
V1B_094,1B
V1B_095,1B
V1B_096,1B
V1B_097,1B
V1B_098,1B
V1B_099,1B
V1B_100,1B
V1B_101,1B
V1B_102,1B
V1B_103,1B
V1B_104,1B
V1B_105,1B
V1B_106,1B
V1B_107,1B
V1B_108,1B
V1B_109,1B
V1B_110,1B
V1B_111,1B
V1B_112,1B
V1B_113,1B
V1B_114,1B
V1B_115,1B
V1B_116,1B
V1B_117,1B
V1B_118,1B
V1B_119,1B
V1B_120,1B
V1B_121,1B
V1B_122,1B
V1B_123,1B
V1B_124,1B
V1B_125,1B
V1B_126,1B
V1B_127,1B
V1B_128,1B
V1B_129,1B
V1B_130,1B
V1B_131,1B
V1B_132,1B
V1B_133,1B
V1B_134,1B
V1B_135,1B
V1B_136,1B
V1B_137,1B
V1B_138,1B
V1B_139,1B
V1B_140,1B
V1B_141,1B
V1B_142,1B
V1B_143,1B
V1B_144,1B
V1B_145,1B
V1B_146,1B
V1B_147,1B
V1B_148,1B
V1B_149,1B
V1B_150,1B
V1B_151,1B
V1B_152,1B
V1B_153,1B
V1B_154,1B
V1B_155,1B
V1B_156,1B
V1B_157,1B
V1B_158,1B
V1B_159,1B
V1B_160,1B
V1B_161,1B
V1B_162,1B
V1B_163,1B
V1B_164,1B
V1B_165,1B
V1B_166,1B
V1B_167,1B
V1B_168,1B
V1B_169,1B
V1B_170,1B
V1B_171,1B
V1B_172,1B
V1B_173,1B
V1B_174,1B
V1B_175,1B
V1B_176,1B
V1B_177,1B
V1B_178,1B
V1B_179,1B
V1B_180,1B
V1B_181,1B
V1B_182,1B
V1B_183,1B
V1B_184,1B
V1B_185,1B
V1B_186,1B
V1B_187,1B
V1B_188,1B
V1B_189,1B
V1B_190,1B
V1B_191,1B
V1B_192,1B
V1B_193,1B
V1B_194,1B
V1B_195,1B
V1B_196,1B
V1B_197,1B
V1B_198,1B
V1B_199,1B
V1B_200,1B
V2A_001,2A
V2A_002,2A
V2A_003,2A
V2A_004,2A
V2A_005,2A
V2A_006,2A
V2A_007,2A
V2A_008,2A
V2A_009,2A
V2A_010,2A
V2A_011,2A
V2A_012,2A
V2A_013,2A
V2A_014,2A
V2A_015,2A
V2A_016,2A
V2A_017,2A
V2A_018,2A
V2A_019,2A
V2A_020,2A
V2A_021,2A
V2A_022,2A
V2A_023,2A
V2A_024,2A
V2A_025,2A
V2A_026,2A
V2A_027,2A
V2A_028,2A
V2A_029,2A
V2A_030,2A
V2A_031,2A
V2A_032,2A
V2A_033,2A
V2A_034,2A
V2A_035,2A
V2A_036,2A
V2A_037,2A
V2A_038,2A
V2A_039,2A
V2A_040,2A
V2A_041,2A
V2A_042,2A
V2A_043,2A
V2A_044,2A
V2A_045,2A
V2A_046,2A
V2A_047,2A
V2A_048,2A
V2A_049,2A
V2A_050,2A
V2B_051,2B
V2B_052,2B
V2B_053,2B
V2B_054,2B
V2B_055,2B
V2B_056,2B
V2B_057,2B
V2B_058,2B
V2B_059,2B
V2B_060,2B
V2B_061,2B
V2B_062,2B
V2B_063,2B
V2B_064,2B
V2B_065,2B
V2B_066,2B
V2B_067,2B
V2B_068,2B
V2B_069,2B
V2B_070,2B
V2B_071,2B
V2B_072,2B
V2B_073,2B
V2B_074,2B
V2B_075,2B
V2B_076,2B
V2B_077,2B
V2B_078,2B
V2B_079,2B
V2B_080,2B
V2B_081,2B
V2B_082,2B
V2B_083,2B
V2B_084,2B
V2B_085,2B
V2B_086,2B
V2B_087,2B
V2B_088,2B
V2B_089,2B
V2B_090,2B
V2B_091,2B
V2B_092,2B
V2B_093,2B
V2B_094,2B
V2B_095,2B
V2B_096,2B
V2B_097,2B
V2B_098,2B
V2B_099,2B
V2B_100,2B
V2B_101,2B
V2B_102,2B
V2B_103,2B
V2B_104,2B
V2B_105,2B
V2B_106,2B
V2B_107,2B
V2B_108,2B
V2B_109,2B
V2B_110,2B
V2B_111,2B
V2B_112,2B
V2B_113,2B
V2B_114,2B
V2B_115,2B
V2B_116,2B
V2B_117,2B
V2B_118,2B
V2B_119,2B
V2B_120,2B
V2B_121,2B
V2B_122,2B
V2B_123,2B
V2B_124,2B
V2B_125,2B
V2B_126,2B
V2B_127,2B
V2B_128,2B
V2B_129,2B
V2B_130,2B
V2B_131,2B
V2B_132,2B
V2B_133,2B
V2B_134,2B
V2B_135,2B
V2B_136,2B
V2B_137,2B
V2B_138,2B
V2B_139,2B
V2B_140,2B
V2B_141,2B
V2B_142,2B
V2B_143,2B
V2B_144,2B
V2B_145,2B
V2B_146,2B
V2B_147,2B
V2B_148,2B
V2B_149,2B
V2B_150,2B
V2B_151,2B
V2B_152,2B
V2B_153,2B
V2B_154,2B
V2B_155,2B
V2B_156,2B
V2B_157,2B
V2B_158,2B
V2B_159,2B
V2B_160,2B
V2B_161,2B
V2B_162,2B
V2B_163,2B
V2B_164,2B
V2B_165,2B
V2B_166,2B
V2B_167,2B
V2B_168,2B
V2B_169,2B
V2B_170,2B
V2B_171,2B
V2B_172,2B
V2B_173,2B
V2B_174,2B
V2B_175,2B
V2B_176,2B
V2B_177,2B
V2B_178,2B
V2B_179,2B
V2B_180,2B
V2B_181,2B
V2B_182,2B
V2B_183,2B
V2B_184,2B
V2B_185,2B
V2B_186,2B
V2B_187,2B
V2B_188,2B
V2B_189,2B
V2B_190,2B
V2B_191,2B
V2B_192,2B
V2B_193,2B
V2B_194,2B
V2B_195,2B
V2B_196,2B
V2B_197,2B
V2B_198,2B
V2B_199,2B
V2B_200,2B
V3A_001,3A
V3A_002,3A
V3A_003,3A
V3A_004,3A
V3A_005,3A
V3A_006,3A
V3A_007,3A
V3A_008,3A
V3A_009,3A
V3A_010,3A
V3A_011,3A
V3A_012,3A
V3A_013,3A
V3A_014,3A
V3A_015,3A
V3A_016,3A
V3A_017,3A
V3A_018,3A
V3A_019,3A
V3A_020,3A
V3A_021,3A
V3A_022,3A
V3A_023,3A
V3A_024,3A
V3A_025,3A
V3A_026,3A
V3A_027,3A
V3A_028,3A
V3A_029,3A
V3A_030,3A
V3A_031,3A
V3A_032,3A
V3A_033,3A
V3A_034,3A
V3A_035,3A
V3A_036,3A
V3A_037,3A
V3A_038,3A
V3A_039,3A
V3A_040,3A
V3A_041,3A
V3A_042,3A
V3A_043,3A
V3A_044,3A
V3A_045,3A
V3A_046,3A
V3A_047,3A
V3A_048,3A
V3A_049,3A
V3A_050,3A
V3B_051,3B
V3B_052,3B
V3B_053,3B
V3B_054,3B
V3B_055,3B
V3B_056,3B
V3B_057,3B
V3B_058,3B
V3B_059,3B
V3B_060,3B
V3B_061,3B
V3B_062,3B
V3B_063,3B
V3B_064,3B
V3B_065,3B
V3B_066,3B
V3B_067,3B
V3B_068,3B
V3B_069,3B
V3B_070,3B
V3B_071,3B
V3B_072,3B
V3B_073,3B
V3B_074,3B
V3B_075,3B
V3B_076,3B
V3B_077,3B
V3B_078,3B
V3B_079,3B
V3B_080,3B
V3B_081,3B
V3B_082,3B
V3B_083,3B
V3B_084,3B
V3B_085,3B
V3B_086,3B
V3B_087,3B
V3B_088,3B
V3B_089,3B
V3B_090,3B
V3B_091,3B
V3B_092,3B
V3B_093,3B
V3B_094,3B
V3B_095,3B
V3B_096,3B
V3B_097,3B
V3B_098,3B
V3B_099,3B
V3B_100,3B
V3B_101,3B
V3B_102,3B
V3B_103,3B
V3B_104,3B
V3B_105,3B
V3B_106,3B
V3B_107,3B
V3B_108,3B
V3B_109,3B
V3B_110,3B
V3B_111,3B
V3B_112,3B
V3B_113,3B
V3B_114,3B
V3B_115,3B
V3B_116,3B
V3B_117,3B
V3B_118,3B
V3B_119,3B
V3B_120,3B
V3B_121,3B
V3B_122,3B
V3B_123,3B
V3B_124,3B
V3B_125,3B
V3B_126,3B
V3B_127,3B
V3B_128,3B
V3B_129,3B
V3B_130,3B
V3B_131,3B
V3B_132,3B
V3B_133,3B
V3B_134,3B
V3B_135,3B
V3B_136,3B
V3B_137,3B
V3B_138,3B
V3B_139,3B
V3B_140,3B
V3B_141,3B
V3B_142,3B
V3B_143,3B
V3B_144,3B
V3B_145,3B
V3B_146,3B
V3B_147,3B
V3B_148,3B
V3B_149,3B
V3B_150,3B
V3B_151,3B
V3B_152,3B
V3B_153,3B
V3B_154,3B
V3B_155,3B
V3B_156,3B
V3B_157,3B
V3B_158,3B
V3B_159,3B
V3B_160,3B
V3B_161,3B
V3B_162,3B
V3B_163,3B
V3B_164,3B
V3B_165,3B
V3B_166,3B
V3B_167,3B
V3B_168,3B
V3B_169,3B
V3B_170,3B
V3B_171,3B
V3B_172,3B
V3B_173,3B
V3B_174,3B
V3B_175,3B
V3B_176,3B
V3B_177,3B
V3B_178,3B
V3B_179,3B
V3B_180,3B
V3B_181,3B
V3B_182,3B
V3B_183,3B
V3B_184,3B
V3B_185,3B
V3B_186,3B
V3B_187,3B
V3B_188,3B
V3B_189,3B
V3B_190,3B
V3B_191,3B
V3B_192,3B
V3B_193,3B
V3B_194,3B
V3B_195,3B
V3B_196,3B
V3B_197,3B
V3B_198,3B
V3B_199,3B
V3B_200,3B
V4A_001,4A
V4A_002,4A
V4A_003,4A
V4A_004,4A
V4A_005,4A
V4A_006,4A
V4A_007,4A
V4A_008,4A
V4A_009,4A
V4A_010,4A
V4A_011,4A
V4A_012,4A
V4A_013,4A
V4A_014,4A
V4A_015,4A
V4A_016,4A
V4A_017,4A
V4A_018,4A
V4A_019,4A
V4A_020,4A
V4A_021,4A
V4A_022,4A
V4A_023,4A
V4A_024,4A
V4A_025,4A
V4A_026,4A
V4A_027,4A
V4A_028,4A
V4A_029,4A
V4A_030,4A
V4A_031,4A
V4A_032,4A
V4A_033,4A
V4A_034,4A
V4A_035,4A
V4A_036,4A
V4A_037,4A
V4A_038,4A
V4A_039,4A
V4A_040,4A
V4A_041,4A
V4A_042,4A
V4A_043,4A
V4A_044,4A
V4A_045,4A
V4A_046,4A
V4A_047,4A
V4A_048,4A
V4A_049,4A
V4A_050,4A
V4A_051,4A
V4A_052,4A
V4A_053,4A
V4A_054,4A
V4A_055,4A
V4A_056,4A
V4A_057,4A
V4A_058,4A
V4A_059,4A
V4A_060,4A
V4A_061,4A
V4A_062,4A
V4A_063,4A
V4A_064,4A
V4A_065,4A
V4A_066,4A
V4A_067,4A
V4A_068,4A
V4A_069,4A
V4A_070,4A
V4A_071,4A
V4A_072,4A
V4A_073,4A
V4A_074,4A
V4A_075,4A
V4A_076,4A
V4A_077,4A
V4A_078,4A
V4A_079,4A
V4A_080,4A
V4A_081,4A
V4A_082,4A
V4A_083,4A
V4A_084,4A
V4A_085,4A
V4A_086,4A
V4A_087,4A
V4A_088,4A
V4A_089,4A
V4A_090,4A
V4A_091,4A
V4A_092,4A
V4A_093,4A
V4A_094,4A
V4A_095,4A
V4A_096,4A
V4A_097,4A
V4A_098,4A
V4A_099,4A
V4A_100,4A
V4B_101,4B
V4B_102,4B
V4B_103,4B
V4B_104,4B
V4B_105,4B
V4B_106,4B
V4B_107,4B
V4B_108,4B
V4B_109,4B
V4B_110,4B
V4B_111,4B
V4B_112,4B
V4B_113,4B
V4B_114,4B
V4B_115,4B
V4B_116,4B
V4B_117,4B
V4B_118,4B
V4B_119,4B
V4B_120,4B
V4B_121,4B
V4B_122,4B
V4B_123,4B
V4B_124,4B
V4B_125,4B
V4B_126,4B
V4B_127,4B
V4B_128,4B
V4B_129,4B
V4B_130,4B
V4B_131,4B
V4B_132,4B
V4B_133,4B
V4B_134,4B
V4B_135,4B
V4B_136,4B
V4B_137,4B
V4B_138,4B
V4B_139,4B
V4B_140,4B
V4B_141,4B
V4B_142,4B
V4B_143,4B
V4B_144,4B
V4B_145,4B
V4B_146,4B
V4B_147,4B
V4B_148,4B
V4B_149,4B
V4B_150,4B
V4B_151,4B
V4B_152,4B
V4B_153,4B
V4B_154,4B
V4B_155,4B
V4B_156,4B
V4B_157,4B
V4B_158,4B
V4B_159,4B
V4B_160,4B
V4B_161,4B
V4B_162,4B
V4B_163,4B
V4B_164,4B
V4B_165,4B
V4B_166,4B
V4B_167,4B
V4B_168,4B
V4B_169,4B
V4B_170,4B
V4B_171,4B
V4B_172,4B
V4B_173,4B
V4B_174,4B
V4B_175,4B
V4B_176,4B
V4B_177,4B
V4B_178,4B
V4B_179,4B
V4B_180,4B
V4B_181,4B
V4B_182,4B
V4B_183,4B
V4B_184,4B
V4B_185,4B
V4B_186,4B
V4B_187,4B
V4B_188,4B
V4B_189,4B
V4B_190,4B
V4B_191,4B
V4B_192,4B
V4B_193,4B
V4B_194,4B
V4B_195,4B
V4B_196,4B
V4B_197,4B
V4B_198,4B
V4B_199,4B
V4B_200,4B
V4B_201,4B
V4B_202,4B
V4B_203,4B
V4B_204,4B
V4B_205,4B
V4B_206,4B
V4B_207,4B
V4B_208,4B
V4B_209,4B
V4B_210,4B
V4B_211,4B
V4B_212,4B
V4B_213,4B
V4B_214,4B
V4B_215,4B
V4B_216,4B
V4B_217,4B
V4B_218,4B
V4B_219,4B
V4B_220,4B
V4B_221,4B
V4B_222,4B
V4B_223,4B
V4B_224,4B
V4B_225,4B
V4B_226,4B
V4B_227,4B
V4B_228,4B
V4B_229,4B
V4B_230,4B
V4B_231,4B
V4B_232,4B
V4B_233,4B
V4B_234,4B
V4B_235,4B
V4B_236,4B
V4B_237,4B
V4B_238,4B
V4B_239,4B
V4B_240,4B
V4B_241,4B
V4B_242,4B
V4B_243,4B
V4B_244,4B
V4B_245,4B
V4B_246,4B
V4B_247,4B
V4B_248,4B
V4B_249,4B
V4B_250,4B
V4B_251,4B
V4B_252,4B
V4B_253,4B
V4B_254,4B
V4B_255,4B
V4B_256,4B
V4B_257,4B
V4B_258,4B
V4B_259,4B
V4B_260,4B
V4B_261,4B
V4B_262,4B
V4B_263,4B
V4B_264,4B
V4B_265,4B
V4B_266,4B
V4B_267,4B
V4B_268,4B
V4B_269,4B
V4B_270,4B
V4B_271,4B
V4B_272,4B
V4B_273,4B
V4B_274,4B
V4B_275,4B
V4B_276,4B
V4B_277,4B
V4B_278,4B
V4B_279,4B
V4B_280,4B
V4B_281,4B
V4B_282,4B
V4B_283,4B
V4B_284,4B
V4B_285,4B
V4B_286,4B
V4B_287,4B
V4B_288,4B
V4B_289,4B
V4B_290,4B
V4B_291,4B
V4B_292,4B
V4B_293,4B
V4B_294,4B
V4B_295,4B
V4B_296,4B
V4B_297,4B
V4B_298,4B
V4B_299,4B
V4B_300,4B
V4B_301,4B
V4B_302,4B
V4B_303,4B
V4B_304,4B
V4B_305,4B
V4B_306,4B
V4B_307,4B
V4B_308,4B
V4B_309,4B
V4B_310,4B
V4B_311,4B
V4B_312,4B
V4B_313,4B
V4B_314,4B
V4B_315,4B
V4B_316,4B
V4B_317,4B
V4B_318,4B
V4B_319,4B
V4B_320,4B
V4B_321,4B
V4B_322,4B
V4B_323,4B
V4B_324,4B
V4B_325,4B
V4B_326,4B
V4B_327,4B
V4B_328,4B
V4B_329,4B
V4B_330,4B
V4B_331,4B
V4B_332,4B
V4B_333,4B
V4B_334,4B
V4B_335,4B
V4B_336,4B
V4B_337,4B
V4B_338,4B
V4B_339,4B
V4B_340,4B
V4B_341,4B
V4B_342,4B
V4B_343,4B
V4B_344,4B
V4B_345,4B
V4B_346,4B
V4B_347,4B
V4B_348,4B
V4B_349,4B
V4B_350,4B
V4B_351,4B
V4B_352,4B
V4B_353,4B
V4B_354,4B
V4B_355,4B
V4B_356,4B
V4B_357,4B
V4B_358,4B
V4B_359,4B
V4B_360,4B
V4B_361,4B
V4B_362,4B
V4B_363,4B
V4B_364,4B
V4B_365,4B
V4B_366,4B
V4B_367,4B
V4B_368,4B
V4B_369,4B
V4B_370,4B
V4B_371,4B
V4B_372,4B
V4B_373,4B
V4B_374,4B
V4B_375,4B
V4B_376,4B
V4B_377,4B
V4B_378,4B
V4B_379,4B
V4B_380,4B
V4B_381,4B
V4B_382,4B
V4B_383,4B
V4B_384,4B
V4B_385,4B
V4B_386,4B
V4B_387,4B
V4B_388,4B
V4B_389,4B
V4B_390,4B
V4B_391,4B
V4B_392,4B
V4B_393,4B
V4B_394,4B
V4B_395,4B
V4B_396,4B
V4B_397,4B
V4B_398,4B
V4B_399,4B
V4B_400,4B
V5A_001,5A
V5A_002,5A
V5A_003,5A
V5A_004,5A
V5A_005,5A
V5A_006,5A
V5A_007,5A
V5A_008,5A
V5A_009,5A
V5A_010,5A
V5A_011,5A
V5A_012,5A
V5A_013,5A
V5A_014,5A
V5A_015,5A
V5A_016,5A
V5A_017,5A
V5A_018,5A
V5A_019,5A
V5A_020,5A
V5A_021,5A
V5A_022,5A
V5A_023,5A
V5A_024,5A
V5A_025,5A
V5A_026,5A
V5A_027,5A
V5A_028,5A
V5A_029,5A
V5A_030,5A
V5A_031,5A
V5A_032,5A
V5A_033,5A
V5A_034,5A
V5A_035,5A
V5A_036,5A
V5A_037,5A
V5A_038,5A
V5A_039,5A
V5A_040,5A
V5A_041,5A
V5A_042,5A
V5A_043,5A
V5A_044,5A
V5A_045,5A
V5A_046,5A
V5A_047,5A
V5A_048,5A
V5A_049,5A
V5A_050,5A
V5A_051,5A
V5A_052,5A
V5A_053,5A
V5A_054,5A
V5A_055,5A
V5A_056,5A
V5A_057,5A
V5A_058,5A
V5A_059,5A
V5A_060,5A
V5A_061,5A
V5A_062,5A
V5A_063,5A
V5A_064,5A
V5A_065,5A
V5A_066,5A
V5A_067,5A
V5A_068,5A
V5A_069,5A
V5A_070,5A
V5A_071,5A
V5A_072,5A
V5A_073,5A
V5A_074,5A
V5A_075,5A
V5A_076,5A
V5A_077,5A
V5A_078,5A
V5A_079,5A
V5A_080,5A
V5A_081,5A
V5A_082,5A
V5A_083,5A
V5A_084,5A
V5A_085,5A
V5A_086,5A
V5A_087,5A
V5A_088,5A
V5A_089,5A
V5A_090,5A
V5A_091,5A
V5A_092,5A
V5A_093,5A
V5A_094,5A
V5A_095,5A
V5A_096,5A
V5A_097,5A
V5A_098,5A
V5A_099,5A
V5A_100,5A
V5B_101,5B
V5B_102,5B
V5B_103,5B
V5B_104,5B
V5B_105,5B
V5B_106,5B
V5B_107,5B
V5B_108,5B
V5B_109,5B
V5B_110,5B
V5B_111,5B
V5B_112,5B
V5B_113,5B
V5B_114,5B
V5B_115,5B
V5B_116,5B
V5B_117,5B
V5B_118,5B
V5B_119,5B
V5B_120,5B
V5B_121,5B
V5B_122,5B
V5B_123,5B
V5B_124,5B
V5B_125,5B
V5B_126,5B
V5B_127,5B
V5B_128,5B
V5B_129,5B
V5B_130,5B
V5B_131,5B
V5B_132,5B
V5B_133,5B
V5B_134,5B
V5B_135,5B
V5B_136,5B
V5B_137,5B
V5B_138,5B
V5B_139,5B
V5B_140,5B
V5B_141,5B
V5B_142,5B
V5B_143,5B
V5B_144,5B
V5B_145,5B
V5B_146,5B
V5B_147,5B
V5B_148,5B
V5B_149,5B
V5B_150,5B
V5B_151,5B
V5B_152,5B
V5B_153,5B
V5B_154,5B
V5B_155,5B
V5B_156,5B
V5B_157,5B
V5B_158,5B
V5B_159,5B
V5B_160,5B
V5B_161,5B
V5B_162,5B
V5B_163,5B
V5B_164,5B
V5B_165,5B
V5B_166,5B
V5B_167,5B
V5B_168,5B
V5B_169,5B
V5B_170,5B
V5B_171,5B
V5B_172,5B
V5B_173,5B
V5B_174,5B
V5B_175,5B
V5B_176,5B
V5B_177,5B
V5B_178,5B
V5B_179,5B
V5B_180,5B
V5B_181,5B
V5B_182,5B
V5B_183,5B
V5B_184,5B
V5B_185,5B
V5B_186,5B
V5B_187,5B
V5B_188,5B
V5B_189,5B
V5B_190,5B
V5B_191,5B
V5B_192,5B
V5B_193,5B
V5B_194,5B
V5B_195,5B
V5B_196,5B
V5B_197,5B
V5B_198,5B
V5B_199,5B
V5B_200,5B
V5B_201,5B
V5B_202,5B
V5B_203,5B
V5B_204,5B
V5B_205,5B
V5B_206,5B
V5B_207,5B
V5B_208,5B
V5B_209,5B
V5B_210,5B
V5B_211,5B
V5B_212,5B
V5B_213,5B
V5B_214,5B
V5B_215,5B
V5B_216,5B
V5B_217,5B
V5B_218,5B
V5B_219,5B
V5B_220,5B
V5B_221,5B
V5B_222,5B
V5B_223,5B
V5B_224,5B
V5B_225,5B
V5B_226,5B
V5B_227,5B
V5B_228,5B
V5B_229,5B
V5B_230,5B
V5B_231,5B
V5B_232,5B
V5B_233,5B
V5B_234,5B
V5B_235,5B
V5B_236,5B
V5B_237,5B
V5B_238,5B
V5B_239,5B
V5B_240,5B
V5B_241,5B
V5B_242,5B
V5B_243,5B
V5B_244,5B
V5B_245,5B
V5B_246,5B
V5B_247,5B
V5B_248,5B
V5B_249,5B
V5B_250,5B
V5B_251,5B
V5B_252,5B
V5B_253,5B
V5B_254,5B
V5B_255,5B
V5B_256,5B
V5B_257,5B
V5B_258,5B
V5B_259,5B
V5B_260,5B
V5B_261,5B
V5B_262,5B
V5B_263,5B
V5B_264,5B
V5B_265,5B
V5B_266,5B
V5B_267,5B
V5B_268,5B
V5B_269,5B
V5B_270,5B
V5B_271,5B
V5B_272,5B
V5B_273,5B
V5B_274,5B
V5B_275,5B
V5B_276,5B
V5B_277,5B
V5B_278,5B
V5B_279,5B
V5B_280,5B
V5B_281,5B
V5B_282,5B
V5B_283,5B
V5B_284,5B
V5B_285,5B
V5B_286,5B
V5B_287,5B
V5B_288,5B
V5B_289,5B
V5B_290,5B
V5B_291,5B
V5B_292,5B
V5B_293,5B
V5B_294,5B
V5B_295,5B
V5B_296,5B
V5B_297,5B
V5B_298,5B
V5B_299,5B
V5B_300,5B
V5B_301,5B
V5B_302,5B
V5B_303,5B
V5B_304,5B
V5B_305,5B
V5B_306,5B
V5B_307,5B
V5B_308,5B
V5B_309,5B
V5B_310,5B
V5B_311,5B
V5B_312,5B
V5B_313,5B
V5B_314,5B
V5B_315,5B
V5B_316,5B
V5B_317,5B
V5B_318,5B
V5B_319,5B
V5B_320,5B
V5B_321,5B
V5B_322,5B
V5B_323,5B
V5B_324,5B
V5B_325,5B
V5B_326,5B
V5B_327,5B
V5B_328,5B
V5B_329,5B
V5B_330,5B
V5B_331,5B
V5B_332,5B
V5B_333,5B
V5B_334,5B
V5B_335,5B
V5B_336,5B
V5B_337,5B
V5B_338,5B
V5B_339,5B
V5B_340,5B
V5B_341,5B
V5B_342,5B
V5B_343,5B
V5B_344,5B
V5B_345,5B
V5B_346,5B
V5B_347,5B
V5B_348,5B
V5B_349,5B
V5B_350,5B
