Ticket_ID,Game_ID,SeatID
G1_V5A_001,G1,V5A_001
G1_V5A_002,G1,V5A_002
G1_V5A_003,G1,V5A_003
G1_V5A_004,G1,V5A_004
G1_V5A_005,G1,V5A_005
G1_V5A_006,G1,V5A_006
G1_V5A_007,G1,V5A_007
G1_V5A_008,G1,V5A_008
G1_V5A_009,G1,V5A_009
G1_V5A_010,G1,V5A_010
G1_V5A_011,G1,V5A_011
G1_V5A_012,G1,V5A_012
G1_V5A_013,G1,V5A_013
G1_V5A_014,G1,V5A_014
G1_V5A_015,G1,V5A_015
G1_V5A_016,G1,V5A_016
G1_V5A_017,G1,V5A_017
G1_V5A_018,G1,V5A_018
G1_V5A_019,G1,V5A_019
G1_V5A_020,G1,V5A_020
G1_V5A_021,G1,V5A_021
G1_V5A_022,G1,V5A_022
G1_V5A_023,G1,V5A_023
G1_V5A_024,G1,V5A_024
G1_V5A_025,G1,V5A_025
G1_V5A_026,G1,V5A_026
G1_V5A_027,G1,V5A_027
G1_V5A_028,G1,V5A_028
G1_V5A_029,G1,V5A_029
G1_V5A_030,G1,V5A_030
G1_V5A_031,G1,V5A_031
G1_V5A_032,G1,V5A_032
G1_V5A_033,G1,V5A_033
G1_V5A_034,G1,V5A_034
G1_V5A_035,G1,V5A_035
G1_V5A_036,G1,V5A_036
G1_V5A_037,G1,V5A_037
G1_V5A_038,G1,V5A_038
G1_V5A_039,G1,V5A_039
G1_V5A_040,G1,V5A_040
G1_V5A_041,G1,V5A_041
G1_V5A_042,G1,V5A_042
G1_V5A_043,G1,V5A_043
G1_V5A_044,G1,V5A_044
G1_V5A_045,G1,V5A_045
G1_V5A_046,G1,V5A_046
G1_V5A_047,G1,V5A_047
G1_V5A_048,G1,V5A_048
G1_V5A_049,G1,V5A_049
G1_V5A_050,G1,V5A_050
G1_V5A_051,G1,V5A_051
G1_V5A_052,G1,V5A_052
G1_V5A_053,G1,V5A_053
G1_V5A_054,G1,V5A_054
G1_V5A_055,G1,V5A_055
G1_V5A_056,G1,V5A_056
G1_V5A_057,G1,V5A_057
G1_V5A_058,G1,V5A_058
G1_V5A_059,G1,V5A_059
G1_V5A_060,G1,V5A_060
G1_V5A_061,G1,V5A_061
G1_V5A_062,G1,V5A_062
G1_V5A_063,G1,V5A_063
G1_V5A_064,G1,V5A_064
G1_V5A_065,G1,V5A_065
G1_V5A_066,G1,V5A_066
G1_V5A_067,G1,V5A_067
G1_V5A_068,G1,V5A_068
G1_V5A_069,G1,V5A_069
G1_V5A_070,G1,V5A_070
G1_V5A_071,G1,V5A_071
G1_V5A_072,G1,V5A_072
G1_V5A_073,G1,V5A_073
G1_V5A_074,G1,V5A_074
G1_V5A_075,G1,V5A_075
G1_V5A_076,G1,V5A_076
G1_V5A_077,G1,V5A_077
G1_V5A_078,G1,V5A_078
G1_V5A_079,G1,V5A_079
G1_V5A_080,G1,V5A_080
G1_V5A_081,G1,V5A_081
G1_V5A_082,G1,V5A_082
G1_V5A_083,G1,V5A_083
G1_V5A_084,G1,V5A_084
G1_V5A_085,G1,V5A_085
G1_V5A_086,G1,V5A_086
G1_V5A_087,G1,V5A_087
G1_V5A_088,G1,V5A_088
G1_V5A_089,G1,V5A_089
G1_V5A_090,G1,V5A_090
G1_V5A_091,G1,V5A_091
G1_V5A_092,G1,V5A_092
G1_V5A_093,G1,V5A_093
G1_V5A_094,G1,V5A_094
G1_V5A_095,G1,V5A_095
G1_V5A_096,G1,V5A_096
G1_V5A_097,G1,V5A_097
G1_V5A_098,G1,V5A_098
G1_V5A_099,G1,V5A_099
G1_V5A_100,G1,V5A_100
G1_V5B_101,G1,V5B_101
G1_V5B_102,G1,V5B_102
G1_V5B_103,G1,V5B_103
G1_V5B_104,G1,V5B_104
G1_V5B_105,G1,V5B_105
G1_V5B_106,G1,V5B_106
G1_V5B_107,G1,V5B_107
G1_V5B_108,G1,V5B_108
G1_V5B_109,G1,V5B_109
G1_V5B_110,G1,V5B_110
G1_V5B_111,G1,V5B_111
G1_V5B_112,G1,V5B_112
G1_V5B_113,G1,V5B_113
G1_V5B_114,G1,V5B_114
G1_V5B_115,G1,V5B_115
G1_V5B_116,G1,V5B_116
G1_V5B_117,G1,V5B_117
G1_V5B_118,G1,V5B_118
G1_V5B_119,G1,V5B_119
G1_V5B_120,G1,V5B_120
G1_V5B_121,G1,V5B_121
G1_V5B_122,G1,V5B_122
G1_V5B_123,G1,V5B_123
G1_V5B_124,G1,V5B_124
G1_V5B_125,G1,V5B_125
G1_V5B_126,G1,V5B_126
G1_V5B_127,G1,V5B_127
G1_V5B_128,G1,V5B_128
G1_V5B_129,G1,V5B_129
G1_V5B_130,G1,V5B_130
G1_V5B_131,G1,V5B_131
G1_V5B_132,G1,V5B_132
G1_V5B_133,G1,V5B_133
G1_V5B_134,G1,V5B_134
G1_V5B_135,G1,V5B_135
G1_V5B_136,G1,V5B_136
G1_V5B_137,G1,V5B_137
G1_V5B_138,G1,V5B_138
G1_V5B_139,G1,V5B_139
G1_V5B_140,G1,V5B_140
G1_V5B_141,G1,V5B_141
G1_V5B_142,G1,V5B_142
G1_V5B_143,G1,V5B_143
G1_V5B_144,G1,V5B_144
G1_V5B_145,G1,V5B_145
G1_V5B_146,G1,V5B_146
G1_V5B_147,G1,V5B_147
G1_V5B_148,G1,V5B_148
G1_V5B_149,G1,V5B_149
G1_V5B_150,G1,V5B_150
G1_V5B_151,G1,V5B_151
G1_V5B_152,G1,V5B_152
G1_V5B_153,G1,V5B_153
G1_V5B_154,G1,V5B_154
G1_V5B_155,G1,V5B_155
G1_V5B_156,G1,V5B_156
G1_V5B_157,G1,V5B_157
G1_V5B_158,G1,V5B_158
G1_V5B_159,G1,V5B_159
G1_V5B_160,G1,V5B_160
G1_V5B_161,G1,V5B_161
G1_V5B_162,G1,V5B_162
G1_V5B_163,G1,V5B_163
G1_V5B_164,G1,V5B_164
G1_V5B_165,G1,V5B_165
G1_V5B_166,G1,V5B_166
G1_V5B_167,G1,V5B_167
G1_V5B_168,G1,V5B_168
G1_V5B_169,G1,V5B_169
G1_V5B_170,G1,V5B_170
G1_V5B_171,G1,V5B_171
G1_V5B_172,G1,V5B_172
G1_V5B_173,G1,V5B_173
G1_V5B_174,G1,V5B_174
G1_V5B_175,G1,V5B_175
G1_V5B_176,G1,V5B_176
G1_V5B_177,G1,V5B_177
G1_V5B_178,G1,V5B_178
G1_V5B_179,G1,V5B_179
G1_V5B_180,G1,V5B_180
G1_V5B_181,G1,V5B_181
G1_V5B_182,G1,V5B_182
G1_V5B_183,G1,V5B_183
G1_V5B_184,G1,V5B_184
G1_V5B_185,G1,V5B_185
G1_V5B_186,G1,V5B_186
G1_V5B_187,G1,V5B_187
G1_V5B_188,G1,V5B_188
G1_V5B_189,G1,V5B_189
G1_V5B_190,G1,V5B_190
G1_V5B_191,G1,V5B_191
G1_V5B_192,G1,V5B_192
G1_V5B_193,G1,V5B_193
G1_V5B_194,G1,V5B_194
G1_V5B_195,G1,V5B_195
G1_V5B_196,G1,V5B_196
G1_V5B_197,G1,V5B_197
G1_V5B_198,G1,V5B_198
G1_V5B_199,G1,V5B_199
G1_V5B_200,G1,V5B_200
G1_V5B_201,G1,V5B_201
G1_V5B_202,G1,V5B_202
G1_V5B_203,G1,V5B_203
G1_V5B_204,G1,V5B_204
G1_V5B_205,G1,V5B_205
G1_V5B_206,G1,V5B_206
G1_V5B_207,G1,V5B_207
G1_V5B_208,G1,V5B_208
G1_V5B_209,G1,V5B_209
G1_V5B_210,G1,V5B_210
G1_V5B_211,G1,V5B_211
G1_V5B_212,G1,V5B_212
G1_V5B_213,G1,V5B_213
G1_V5B_214,G1,V5B_214
G1_V5B_215,G1,V5B_215
G1_V5B_216,G1,V5B_216
G1_V5B_217,G1,V5B_217
G1_V5B_218,G1,V5B_218
G1_V5B_219,G1,V5B_219
G1_V5B_220,G1,V5B_220
G1_V5B_221,G1,V5B_221
G1_V5B_222,G1,V5B_222
G1_V5B_223,G1,V5B_223
G1_V5B_224,G1,V5B_224
G1_V5B_225,G1,V5B_225
G1_V5B_226,G1,V5B_226
G1_V5B_227,G1,V5B_227
G1_V5B_228,G1,V5B_228
G1_V5B_229,G1,V5B_229
G1_V5B_230,G1,V5B_230
G1_V5B_231,G1,V5B_231
G1_V5B_232,G1,V5B_232
G1_V5B_233,G1,V5B_233
G1_V5B_234,G1,V5B_234
G1_V5B_235,G1,V5B_235
G1_V5B_236,G1,V5B_236
G1_V5B_237,G1,V5B_237
G1_V5B_238,G1,V5B_238
G1_V5B_239,G1,V5B_239
G1_V5B_240,G1,V5B_240
G1_V5B_241,G1,V5B_241
G1_V5B_242,G1,V5B_242
G1_V5B_243,G1,V5B_243
G1_V5B_244,G1,V5B_244
G1_V5B_245,G1,V5B_245
G1_V5B_246,G1,V5B_246
G1_V5B_247,G1,V5B_247
G1_V5B_248,G1,V5B_248
G1_V5B_249,G1,V5B_249
G1_V5B_250,G1,V5B_250
G1_V5B_251,G1,V5B_251
G1_V5B_252,G1,V5B_252
G1_V5B_253,G1,V5B_253
G1_V5B_254,G1,V5B_254
G1_V5B_255,G1,V5B_255
G1_V5B_256,G1,V5B_256
G1_V5B_257,G1,V5B_257
G1_V5B_258,G1,V5B_258
G1_V5B_259,G1,V5B_259
G1_V5B_260,G1,V5B_260
G1_V5B_261,G1,V5B_261
G1_V5B_262,G1,V5B_262
G1_V5B_263,G1,V5B_263
G1_V5B_264,G1,V5B_264
G1_V5B_265,G1,V5B_265
G1_V5B_266,G1,V5B_266
G1_V5B_267,G1,V5B_267
G1_V5B_268,G1,V5B_268
G1_V5B_269,G1,V5B_269
G1_V5B_270,G1,V5B_270
G1_V5B_271,G1,V5B_271
G1_V5B_272,G1,V5B_272
G1_V5B_273,G1,V5B_273
G1_V5B_274,G1,V5B_274
G1_V5B_275,G1,V5B_275
G1_V5B_276,G1,V5B_276
G1_V5B_277,G1,V5B_277
G1_V5B_278,G1,V5B_278
G1_V5B_279,G1,V5B_279
G1_V5B_280,G1,V5B_280
G1_V5B_281,G1,V5B_281
G1_V5B_282,G1,V5B_282
G1_V5B_283,G1,V5B_283
G1_V5B_284,G1,V5B_284
G1_V5B_285,G1,V5B_285
G1_V5B_286,G1,V5B_286
G1_V5B_287,G1,V5B_287
G1_V5B_288,G1,V5B_288
G1_V5B_289,G1,V5B_289
G1_V5B_290,G1,V5B_290
G1_V5B_291,G1,V5B_291
G1_V5B_292,G1,V5B_292
G1_V5B_293,G1,V5B_293
G1_V5B_294,G1,V5B_294
G1_V5B_295,G1,V5B_295
G1_V5B_296,G1,V5B_296
G1_V5B_297,G1,V5B_297
G1_V5B_298,G1,V5B_298
G1_V5B_299,G1,V5B_299
G1_V5B_300,G1,V5B_300
G1_V5B_301,G1,V5B_301
G1_V5B_302,G1,V5B_302
G1_V5B_303,G1,V5B_303
G1_V5B_304,G1,V5B_304
G1_V5B_305,G1,V5B_305
G1_V5B_306,G1,V5B_306
G1_V5B_307,G1,V5B_307
G1_V5B_308,G1,V5B_308
G1_V5B_309,G1,V5B_309
G1_V5B_310,G1,V5B_310
G1_V5B_311,G1,V5B_311
G1_V5B_312,G1,V5B_312
G1_V5B_313,G1,V5B_313
G1_V5B_314,G1,V5B_314
G1_V5B_315,G1,V5B_315
G1_V5B_316,G1,V5B_316
G1_V5B_317,G1,V5B_317
G1_V5B_318,G1,V5B_318
G1_V5B_319,G1,V5B_319
G1_V5B_320,G1,V5B_320
G1_V5B_321,G1,V5B_321
G1_V5B_322,G1,V5B_322
G1_V5B_323,G1,V5B_323
G1_V5B_324,G1,V5B_324
G1_V5B_325,G1,V5B_325
G1_V5B_326,G1,V5B_326
G1_V5B_327,G1,V5B_327
G1_V5B_328,G1,V5B_328
G1_V5B_329,G1,V5B_329
G1_V5B_330,G1,V5B_330
G1_V5B_331,G1,V5B_331
G1_V5B_332,G1,V5B_332
G1_V5B_333,G1,V5B_333
G1_V5B_334,G1,V5B_334
G1_V5B_335,G1,V5B_335
G1_V5B_336,G1,V5B_336
G1_V5B_337,G1,V5B_337
G1_V5B_338,G1,V5B_338
G1_V5B_339,G1,V5B_339
G1_V5B_340,G1,V5B_340
G1_V5B_341,G1,V5B_341
G1_V5B_342,G1,V5B_342
G1_V5B_343,G1,V5B_343
G1_V5B_344,G1,V5B_344
G1_V5B_345,G1,V5B_345
G1_V5B_346,G1,V5B_346
G1_V5B_347,G1,V5B_347
G1_V5B_348,G1,V5B_348
G1_V5B_349,G1,V5B_349
G1_V5B_350,G1,V5B_350
G2_V2A_001,G2,V2A_001
G2_V2A_002,G2,V2A_002
G2_V2A_003,G2,V2A_003
G2_V2A_004,G2,V2A_004
G2_V2A_005,G2,V2A_005
G2_V2A_006,G2,V2A_006
G2_V2A_007,G2,V2A_007
G2_V2A_008,G2,V2A_008
G2_V2A_009,G2,V2A_009
G2_V2A_010,G2,V2A_010
G2_V2A_011,G2,V2A_011
G2_V2A_012,G2,V2A_012
G2_V2A_013,G2,V2A_013
G2_V2A_014,G2,V2A_014
G2_V2A_015,G2,V2A_015
G2_V2A_016,G2,V2A_016
G2_V2A_017,G2,V2A_017
G2_V2A_018,G2,V2A_018
G2_V2A_019,G2,V2A_019
G2_V2A_020,G2,V2A_020
G2_V2A_021,G2,V2A_021
G2_V2A_022,G2,V2A_022
G2_V2A_023,G2,V2A_023
G2_V2A_024,G2,V2A_024
G2_V2A_025,G2,V2A_025
G2_V2A_026,G2,V2A_026
G2_V2A_027,G2,V2A_027
G2_V2A_028,G2,V2A_028
G2_V2A_029,G2,V2A_029
G2_V2A_030,G2,V2A_030
G2_V2A_031,G2,V2A_031
G2_V2A_032,G2,V2A_032
G2_V2A_033,G2,V2A_033
G2_V2A_034,G2,V2A_034
G2_V2A_035,G2,V2A_035
G2_V2A_036,G2,V2A_036
G2_V2A_037,G2,V2A_037
G2_V2A_038,G2,V2A_038
G2_V2A_039,G2,V2A_039
G2_V2A_040,G2,V2A_040
G2_V2A_041,G2,V2A_041
G2_V2A_042,G2,V2A_042
G2_V2A_043,G2,V2A_043
G2_V2A_044,G2,V2A_044
G2_V2A_045,G2,V2A_045
G2_V2A_046,G2,V2A_046
G2_V2A_047,G2,V2A_047
G2_V2A_048,G2,V2A_048
G2_V2A_049,G2,V2A_049
G2_V2A_050,G2,V2A_050
G2_V2B_051,G2,V2B_051
G2_V2B_052,G2,V2B_052
G2_V2B_053,G2,V2B_053
G2_V2B_054,G2,V2B_054
G2_V2B_055,G2,V2B_055
G2_V2B_056,G2,V2B_056
G2_V2B_057,G2,V2B_057
G2_V2B_058,G2,V2B_058
G2_V2B_059,G2,V2B_059
G2_V2B_060,G2,V2B_060
G2_V2B_061,G2,V2B_061
G2_V2B_062,G2,V2B_062
G2_V2B_063,G2,V2B_063
G2_V2B_064,G2,V2B_064
G2_V2B_065,G2,V2B_065
G2_V2B_066,G2,V2B_066
G2_V2B_067,G2,V2B_067
G2_V2B_068,G2,V2B_068
G2_V2B_069,G2,V2B_069
G2_V2B_070,G2,V2B_070
G2_V2B_071,G2,V2B_071
G2_V2B_072,G2,V2B_072
G2_V2B_073,G2,V2B_073
G2_V2B_074,G2,V2B_074
G2_V2B_075,G2,V2B_075
G2_V2B_076,G2,V2B_076
G2_V2B_077,G2,V2B_077
G2_V2B_078,G2,V2B_078
G2_V2B_079,G2,V2B_079
G2_V2B_080,G2,V2B_080
G2_V2B_081,G2,V2B_081
G2_V2B_082,G2,V2B_082
G2_V2B_083,G2,V2B_083
G2_V2B_084,G2,V2B_084
G2_V2B_085,G2,V2B_085
G2_V2B_086,G2,V2B_086
G2_V2B_087,G2,V2B_087
G2_V2B_088,G2,V2B_088
G2_V2B_089,G2,V2B_089
G2_V2B_090,G2,V2B_090
G2_V2B_091,G2,V2B_091
G2_V2B_092,G2,V2B_092
G2_V2B_093,G2,V2B_093
G2_V2B_094,G2,V2B_094
G2_V2B_095,G2,V2B_095
G2_V2B_096,G2,V2B_096
G2_V2B_097,G2,V2B_097
G2_V2B_098,G2,V2B_098
G2_V2B_099,G2,V2B_099
G2_V2B_100,G2,V2B_100
G2_V2B_101,G2,V2B_101
G2_V2B_102,G2,V2B_102
G2_V2B_103,G2,V2B_103
G2_V2B_104,G2,V2B_104
G2_V2B_105,G2,V2B_105
G2_V2B_106,G2,V2B_106
G2_V2B_107,G2,V2B_107
G2_V2B_108,G2,V2B_108
G2_V2B_109,G2,V2B_109
G2_V2B_110,G2,V2B_110
G2_V2B_111,G2,V2B_111
G2_V2B_112,G2,V2B_112
G2_V2B_113,G2,V2B_113
G2_V2B_114,G2,V2B_114
G2_V2B_115,G2,V2B_115
G2_V2B_116,G2,V2B_116
G2_V2B_117,G2,V2B_117
G2_V2B_118,G2,V2B_118
G2_V2B_119,G2,V2B_119
G2_V2B_120,G2,V2B_120
G2_V2B_121,G2,V2B_121
G2_V2B_122,G2,V2B_122
G2_V2B_123,G2,V2B_123
G2_V2B_124,G2,V2B_124
G2_V2B_125,G2,V2B_125
G2_V2B_126,G2,V2B_126
G2_V2B_127,G2,V2B_127
G2_V2B_128,G2,V2B_128
G2_V2B_129,G2,V2B_129
G2_V2B_130,G2,V2B_130
G2_V2B_131,G2,V2B_131
G2_V2B_132,G2,V2B_132
G2_V2B_133,G2,V2B_133
G2_V2B_134,G2,V2B_134
G2_V2B_135,G2,V2B_135
G2_V2B_136,G2,V2B_136
G2_V2B_137,G2,V2B_137
G2_V2B_138,G2,V2B_138
G2_V2B_139,G2,V2B_139
G2_V2B_140,G2,V2B_140
G2_V2B_141,G2,V2B_141
G2_V2B_142,G2,V2B_142
G2_V2B_143,G2,V2B_143
G2_V2B_144,G2,V2B_144
G2_V2B_145,G2,V2B_145
G2_V2B_146,G2,V2B_146
G2_V2B_147,G2,V2B_147
G2_V2B_148,G2,V2B_148
G2_V2B_149,G2,V2B_149
G2_V2B_150,G2,V2B_150
G2_V2B_151,G2,V2B_151
G2_V2B_152,G2,V2B_152
G2_V2B_153,G2,V2B_153
G2_V2B_154,G2,V2B_154
G2_V2B_155,G2,V2B_155
G2_V2B_156,G2,V2B_156
G2_V2B_157,G2,V2B_157
G2_V2B_158,G2,V2B_158
G2_V2B_159,G2,V2B_159
G2_V2B_160,G2,V2B_160
G2_V2B_161,G2,V2B_161
G2_V2B_162,G2,V2B_162
G2_V2B_163,G2,V2B_163
G2_V2B_164,G2,V2B_164
G2_V2B_165,G2,V2B_165
G2_V2B_166,G2,V2B_166
G2_V2B_167,G2,V2B_167
G2_V2B_168,G2,V2B_168
G2_V2B_169,G2,V2B_169
G2_V2B_170,G2,V2B_170
G2_V2B_171,G2,V2B_171
G2_V2B_172,G2,V2B_172
G2_V2B_173,G2,V2B_173
G2_V2B_174,G2,V2B_174
G2_V2B_175,G2,V2B_175
G2_V2B_176,G2,V2B_176
G2_V2B_177,G2,V2B_177
G2_V2B_178,G2,V2B_178
G2_V2B_179,G2,V2B_179
G2_V2B_180,G2,V2B_180
G2_V2B_181,G2,V2B_181
G2_V2B_182,G2,V2B_182
G2_V2B_183,G2,V2B_183
G2_V2B_184,G2,V2B_184
G2_V2B_185,G2,V2B_185
G2_V2B_186,G2,V2B_186
G2_V2B_187,G2,V2B_187
G2_V2B_188,G2,V2B_188
G2_V2B_189,G2,V2B_189
G2_V2B_190,G2,V2B_190
G2_V2B_191,G2,V2B_191
G2_V2B_192,G2,V2B_192
G2_V2B_193,G2,V2B_193
G2_V2B_194,G2,V2B_194
G2_V2B_195,G2,V2B_195
G2_V2B_196,G2,V2B_196
G2_V2B_197,G2,V2B_197
G2_V2B_198,G2,V2B_198
G2_V2B_199,G2,V2B_199
G2_V2B_200,G2,V2B_200
G3_V3A_001,G3,V3A_001
G3_V3A_002,G3,V3A_002
G3_V3A_003,G3,V3A_003
G3_V3A_004,G3,V3A_004
G3_V3A_005,G3,V3A_005
G3_V3A_006,G3,V3A_006
G3_V3A_007,G3,V3A_007
G3_V3A_008,G3,V3A_008
G3_V3A_009,G3,V3A_009
G3_V3A_010,G3,V3A_010
G3_V3A_011,G3,V3A_011
G3_V3A_012,G3,V3A_012
G3_V3A_013,G3,V3A_013
G3_V3A_014,G3,V3A_014
G3_V3A_015,G3,V3A_015
G3_V3A_016,G3,V3A_016
G3_V3A_017,G3,V3A_017
G3_V3A_018,G3,V3A_018
G3_V3A_019,G3,V3A_019
G3_V3A_020,G3,V3A_020
G3_V3A_021,G3,V3A_021
G3_V3A_022,G3,V3A_022
G3_V3A_023,G3,V3A_023
G3_V3A_024,G3,V3A_024
G3_V3A_025,G3,V3A_025
G3_V3A_026,G3,V3A_026
G3_V3A_027,G3,V3A_027
G3_V3A_028,G3,V3A_028
G3_V3A_029,G3,V3A_029
G3_V3A_030,G3,V3A_030
G3_V3A_031,G3,V3A_031
G3_V3A_032,G3,V3A_032
G3_V3A_033,G3,V3A_033
G3_V3A_034,G3,V3A_034
G3_V3A_035,G3,V3A_035
G3_V3A_036,G3,V3A_036
G3_V3A_037,G3,V3A_037
G3_V3A_038,G3,V3A_038
G3_V3A_039,G3,V3A_039
G3_V3A_040,G3,V3A_040
G3_V3A_041,G3,V3A_041
G3_V3A_042,G3,V3A_042
G3_V3A_043,G3,V3A_043
G3_V3A_044,G3,V3A_044
G3_V3A_045,G3,V3A_045
G3_V3A_046,G3,V3A_046
G3_V3A_047,G3,V3A_047
G3_V3A_048,G3,V3A_048
G3_V3A_049,G3,V3A_049
G3_V3A_050,G3,V3A_050
G3_V3B_051,G3,V3B_051
G3_V3B_052,G3,V3B_052
G3_V3B_053,G3,V3B_053
G3_V3B_054,G3,V3B_054
G3_V3B_055,G3,V3B_055
G3_V3B_056,G3,V3B_056
G3_V3B_057,G3,V3B_057
G3_V3B_058,G3,V3B_058
G3_V3B_059,G3,V3B_059
G3_V3B_060,G3,V3B_060
G3_V3B_061,G3,V3B_061
G3_V3B_062,G3,V3B_062
G3_V3B_063,G3,V3B_063
G3_V3B_064,G3,V3B_064
G3_V3B_065,G3,V3B_065
G3_V3B_066,G3,V3B_066
G3_V3B_067,G3,V3B_067
G3_V3B_068,G3,V3B_068
G3_V3B_069,G3,V3B_069
G3_V3B_070,G3,V3B_070
G3_V3B_071,G3,V3B_071
G3_V3B_072,G3,V3B_072
G3_V3B_073,G3,V3B_073
G3_V3B_074,G3,V3B_074
G3_V3B_075,G3,V3B_075
G3_V3B_076,G3,V3B_076
G3_V3B_077,G3,V3B_077
G3_V3B_078,G3,V3B_078
G3_V3B_079,G3,V3B_079
G3_V3B_080,G3,V3B_080
G3_V3B_081,G3,V3B_081
G3_V3B_082,G3,V3B_082
G3_V3B_083,G3,V3B_083
G3_V3B_084,G3,V3B_084
G3_V3B_085,G3,V3B_085
G3_V3B_086,G3,V3B_086
G3_V3B_087,G3,V3B_087
G3_V3B_088,G3,V3B_088
G3_V3B_089,G3,V3B_089
G3_V3B_090,G3,V3B_090
G3_V3B_091,G3,V3B_091
G3_V3B_092,G3,V3B_092
G3_V3B_093,G3,V3B_093
G3_V3B_094,G3,V3B_094
G3_V3B_095,G3,V3B_095
G3_V3B_096,G3,V3B_096
G3_V3B_097,G3,V3B_097
G3_V3B_098,G3,V3B_098
G3_V3B_099,G3,V3B_099
G3_V3B_100,G3,V3B_100
G3_V3B_101,G3,V3B_101
G3_V3B_102,G3,V3B_102
G3_V3B_103,G3,V3B_103
G3_V3B_104,G3,V3B_104
G3_V3B_105,G3,V3B_105
G3_V3B_106,G3,V3B_106
G3_V3B_107,G3,V3B_107
G3_V3B_108,G3,V3B_108
G3_V3B_109,G3,V3B_109
G3_V3B_110,G3,V3B_110
G3_V3B_111,G3,V3B_111
G3_V3B_112,G3,V3B_112
G3_V3B_113,G3,V3B_113
G3_V3B_114,G3,V3B_114
G3_V3B_115,G3,V3B_115
G3_V3B_116,G3,V3B_116
G3_V3B_117,G3,V3B_117
G3_V3B_118,G3,V3B_118
G3_V3B_119,G3,V3B_119
G3_V3B_120,G3,V3B_120
G3_V3B_121,G3,V3B_121
G3_V3B_122,G3,V3B_122
G3_V3B_123,G3,V3B_123
G3_V3B_124,G3,V3B_124
G3_V3B_125,G3,V3B_125
G3_V3B_126,G3,V3B_126
G3_V3B_127,G3,V3B_127
G3_V3B_128,G3,V3B_128
G3_V3B_129,G3,V3B_129
G3_V3B_130,G3,V3B_130
G3_V3B_131,G3,V3B_131
G3_V3B_132,G3,V3B_132
G3_V3B_133,G3,V3B_133
G3_V3B_134,G3,V3B_134
G3_V3B_135,G3,V3B_135
G3_V3B_136,G3,V3B_136
G3_V3B_137,G3,V3B_137
G3_V3B_138,G3,V3B_138
G3_V3B_139,G3,V3B_139
G3_V3B_140,G3,V3B_140
G3_V3B_141,G3,V3B_141
G3_V3B_142,G3,V3B_142
G3_V3B_143,G3,V3B_143
G3_V3B_144,G3,V3B_144
G3_V3B_145,G3,V3B_145
G3_V3B_146,G3,V3B_146
G3_V3B_147,G3,V3B_147
G3_V3B_148,G3,V3B_148
G3_V3B_149,G3,V3B_149
G3_V3B_150,G3,V3B_150
G3_V3B_151,G3,V3B_151
G3_V3B_152,G3,V3B_152
G3_V3B_153,G3,V3B_153
G3_V3B_154,G3,V3B_154
G3_V3B_155,G3,V3B_155
G3_V3B_156,G3,V3B_156
G3_V3B_157,G3,V3B_157
G3_V3B_158,G3,V3B_158
G3_V3B_159,G3,V3B_159
G3_V3B_160,G3,V3B_160
G3_V3B_161,G3,V3B_161
G3_V3B_162,G3,V3B_162
G3_V3B_163,G3,V3B_163
G3_V3B_164,G3,V3B_164
G3_V3B_165,G3,V3B_165
G3_V3B_166,G3,V3B_166
G3_V3B_167,G3,V3B_167
G3_V3B_168,G3,V3B_168
G3_V3B_169,G3,V3B_169
G3_V3B_170,G3,V3B_170
G3_V3B_171,G3,V3B_171
G3_V3B_172,G3,V3B_172
G3_V3B_173,G3,V3B_173
G3_V3B_174,G3,V3B_174
G3_V3B_175,G3,V3B_175
G3_V3B_176,G3,V3B_176
G3_V3B_177,G3,V3B_177
G3_V3B_178,G3,V3B_178
G3_V3B_179,G3,V3B_179
G3_V3B_180,G3,V3B_180
G3_V3B_181,G3,V3B_181
G3_V3B_182,G3,V3B_182
G3_V3B_183,G3,V3B_183
G3_V3B_184,G3,V3B_184
G3_V3B_185,G3,V3B_185
G3_V3B_186,G3,V3B_186
G3_V3B_187,G3,V3B_187
G3_V3B_188,G3,V3B_188
G3_V3B_189,G3,V3B_189
G3_V3B_190,G3,V3B_190
G3_V3B_191,G3,V3B_191
G3_V3B_192,G3,V3B_192
G3_V3B_193,G3,V3B_193
G3_V3B_194,G3,V3B_194
G3_V3B_195,G3,V3B_195
G3_V3B_196,G3,V3B_196
G3_V3B_197,G3,V3B_197
G3_V3B_198,G3,V3B_198
G3_V3B_199,G3,V3B_199
G3_V3B_200,G3,V3B_200
G4_V1A_001,G4,V1A_001
G4_V1A_002,G4,V1A_002
G4_V1A_003,G4,V1A_003
G4_V1A_004,G4,V1A_004
G4_V1A_005,G4,V1A_005
G4_V1A_006,G4,V1A_006
G4_V1A_007,G4,V1A_007
G4_V1A_008,G4,V1A_008
G4_V1A_009,G4,V1A_009
G4_V1A_010,G4,V1A_010
G4_V1A_011,G4,V1A_011
G4_V1A_012,G4,V1A_012
G4_V1A_013,G4,V1A_013
G4_V1A_014,G4,V1A_014
G4_V1A_015,G4,V1A_015
G4_V1A_016,G4,V1A_016
G4_V1A_017,G4,V1A_017
G4_V1A_018,G4,V1A_018
G4_V1A_019,G4,V1A_019
G4_V1A_020,G4,V1A_020
G4_V1A_021,G4,V1A_021
G4_V1A_022,G4,V1A_022
G4_V1A_023,G4,V1A_023
G4_V1A_024,G4,V1A_024
G4_V1A_025,G4,V1A_025
G4_V1A_026,G4,V1A_026
G4_V1A_027,G4,V1A_027
G4_V1A_028,G4,V1A_028
G4_V1A_029,G4,V1A_029
G4_V1A_030,G4,V1A_030
G4_V1A_031,G4,V1A_031
G4_V1A_032,G4,V1A_032
G4_V1A_033,G4,V1A_033
G4_V1A_034,G4,V1A_034
G4_V1A_035,G4,V1A_035
G4_V1A_036,G4,V1A_036
G4_V1A_037,G4,V1A_037
G4_V1A_038,G4,V1A_038
G4_V1A_039,G4,V1A_039
G4_V1A_040,G4,V1A_040
G4_V1A_041,G4,V1A_041
G4_V1A_042,G4,V1A_042
G4_V1A_043,G4,V1A_043
G4_V1A_044,G4,V1A_044
G4_V1A_045,G4,V1A_045
G4_V1A_046,G4,V1A_046
G4_V1A_047,G4,V1A_047
G4_V1A_048,G4,V1A_048
G4_V1A_049,G4,V1A_049
G4_V1A_050,G4,V1A_050
G4_V1B_051,G4,V1B_051
G4_V1B_052,G4,V1B_052
G4_V1B_053,G4,V1B_053
G4_V1B_054,G4,V1B_054
G4_V1B_055,G4,V1B_055
G4_V1B_056,G4,V1B_056
G4_V1B_057,G4,V1B_057
G4_V1B_058,G4,V1B_058
G4_V1B_059,G4,V1B_059
G4_V1B_060,G4,V1B_060
G4_V1B_061,G4,V1B_061
G4_V1B_062,G4,V1B_062
G4_V1B_063,G4,V1B_063
G4_V1B_064,G4,V1B_064
G4_V1B_065,G4,V1B_065
G4_V1B_066,G4,V1B_066
G4_V1B_067,G4,V1B_067
G4_V1B_068,G4,V1B_068
G4_V1B_069,G4,V1B_069
G4_V1B_070,G4,V1B_070
G4_V1B_071,G4,V1B_071
G4_V1B_072,G4,V1B_072
G4_V1B_073,G4,V1B_073
G4_V1B_074,G4,V1B_074
G4_V1B_075,G4,V1B_075
G4_V1B_076,G4,V1B_076
G4_V1B_077,G4,V1B_077
G4_V1B_078,G4,V1B_078
G4_V1B_079,G4,V1B_079
G4_V1B_080,G4,V1B_080
G4_V1B_081,G4,V1B_081
G4_V1B_082,G4,V1B_082
G4_V1B_083,G4,V1B_083
G4_V1B_084,G4,V1B_084
G4_V1B_085,G4,V1B_085
G4_V1B_086,G4,V1B_086
G4_V1B_087,G4,V1B_087
G4_V1B_088,G4,V1B_088
G4_V1B_089,G4,V1B_089
G4_V1B_090,G4,V1B_090
G4_V1B_091,G4,V1B_091
G4_V1B_092,G4,V1B_092
G4_V1B_093,G4,V1B_093
G4_V1B_094,G4,V1B_094
G4_V1B_095,G4,V1B_095
G4_V1B_096,G4,V1B_096
G4_V1B_097,G4,V1B_097
G4_V1B_098,G4,V1B_098
G4_V1B_099,G4,V1B_099
G4_V1B_100,G4,V1B_100
G4_V1B_101,G4,V1B_101
G4_V1B_102,G4,V1B_102
G4_V1B_103,G4,V1B_103
G4_V1B_104,G4,V1B_104
G4_V1B_105,G4,V1B_105
G4_V1B_106,G4,V1B_106
G4_V1B_107,G4,V1B_107
G4_V1B_108,G4,V1B_108
G4_V1B_109,G4,V1B_109
G4_V1B_110,G4,V1B_110
G4_V1B_111,G4,V1B_111
G4_V1B_112,G4,V1B_112
G4_V1B_113,G4,V1B_113
G4_V1B_114,G4,V1B_114
G4_V1B_115,G4,V1B_115
G4_V1B_116,G4,V1B_116
G4_V1B_117,G4,V1B_117
G4_V1B_118,G4,V1B_118
G4_V1B_119,G4,V1B_119
G4_V1B_120,G4,V1B_120
G4_V1B_121,G4,V1B_121
G4_V1B_122,G4,V1B_122
G4_V1B_123,G4,V1B_123
G4_V1B_124,G4,V1B_124
G4_V1B_125,G4,V1B_125
G4_V1B_126,G4,V1B_126
G4_V1B_127,G4,V1B_127
G4_V1B_128,G4,V1B_128
G4_V1B_129,G4,V1B_129
G4_V1B_130,G4,V1B_130
G4_V1B_131,G4,V1B_131
G4_V1B_132,G4,V1B_132
G4_V1B_133,G4,V1B_133
G4_V1B_134,G4,V1B_134
G4_V1B_135,G4,V1B_135
G4_V1B_136,G4,V1B_136
G4_V1B_137,G4,V1B_137
G4_V1B_138,G4,V1B_138
G4_V1B_139,G4,V1B_139
G4_V1B_140,G4,V1B_140
G4_V1B_141,G4,V1B_141
G4_V1B_142,G4,V1B_142
G4_V1B_143,G4,V1B_143
G4_V1B_144,G4,V1B_144
G4_V1B_145,G4,V1B_145
G4_V1B_146,G4,V1B_146
G4_V1B_147,G4,V1B_147
G4_V1B_148,G4,V1B_148
G4_V1B_149,G4,V1B_149
G4_V1B_150,G4,V1B_150
G4_V1B_151,G4,V1B_151
G4_V1B_152,G4,V1B_152
G4_V1B_153,G4,V1B_153
G4_V1B_154,G4,V1B_154
G4_V1B_155,G4,V1B_155
G4_V1B_156,G4,V1B_156
G4_V1B_157,G4,V1B_157
G4_V1B_158,G4,V1B_158
G4_V1B_159,G4,V1B_159
G4_V1B_160,G4,V1B_160
G4_V1B_161,G4,V1B_161
G4_V1B_162,G4,V1B_162
G4_V1B_163,G4,V1B_163
G4_V1B_164,G4,V1B_164
G4_V1B_165,G4,V1B_165
G4_V1B_166,G4,V1B_166
G4_V1B_167,G4,V1B_167
G4_V1B_168,G4,V1B_168
G4_V1B_169,G4,V1B_169
G4_V1B_170,G4,V1B_170
G4_V1B_171,G4,V1B_171
G4_V1B_172,G4,V1B_172
G4_V1B_173,G4,V1B_173
G4_V1B_174,G4,V1B_174
G4_V1B_175,G4,V1B_175
G4_V1B_176,G4,V1B_176
G4_V1B_177,G4,V1B_177
G4_V1B_178,G4,V1B_178
G4_V1B_179,G4,V1B_179
G4_V1B_180,G4,V1B_180
G4_V1B_181,G4,V1B_181
G4_V1B_182,G4,V1B_182
G4_V1B_183,G4,V1B_183
G4_V1B_184,G4,V1B_184
G4_V1B_185,G4,V1B_185
G4_V1B_186,G4,V1B_186
G4_V1B_187,G4,V1B_187
G4_V1B_188,G4,V1B_188
G4_V1B_189,G4,V1B_189
G4_V1B_190,G4,V1B_190
G4_V1B_191,G4,V1B_191
G4_V1B_192,G4,V1B_192
G4_V1B_193,G4,V1B_193
G4_V1B_194,G4,V1B_194
G4_V1B_195,G4,V1B_195
G4_V1B_196,G4,V1B_196
G4_V1B_197,G4,V1B_197
G4_V1B_198,G4,V1B_198
G4_V1B_199,G4,V1B_199
G4_V1B_200,G4,V1B_200
G5_V1A_001,G5,V1A_001
G5_V1A_002,G5,V1A_002
G5_V1A_003,G5,V1A_003
G5_V1A_004,G5,V1A_004
G5_V1A_005,G5,V1A_005
G5_V1A_006,G5,V1A_006
G5_V1A_007,G5,V1A_007
G5_V1A_008,G5,V1A_008
G5_V1A_009,G5,V1A_009
G5_V1A_010,G5,V1A_010
G5_V1A_011,G5,V1A_011
G5_V1A_012,G5,V1A_012
G5_V1A_013,G5,V1A_013
G5_V1A_014,G5,V1A_014
G5_V1A_015,G5,V1A_015
G5_V1A_016,G5,V1A_016
G5_V1A_017,G5,V1A_017
G5_V1A_018,G5,V1A_018
G5_V1A_019,G5,V1A_019
G5_V1A_020,G5,V1A_020
G5_V1A_021,G5,V1A_021
G5_V1A_022,G5,V1A_022
G5_V1A_023,G5,V1A_023
G5_V1A_024,G5,V1A_024
G5_V1A_025,G5,V1A_025
G5_V1A_026,G5,V1A_026
G5_V1A_027,G5,V1A_027
G5_V1A_028,G5,V1A_028
G5_V1A_029,G5,V1A_029
G5_V1A_030,G5,V1A_030
G5_V1A_031,G5,V1A_031
G5_V1A_032,G5,V1A_032
G5_V1A_033,G5,V1A_033
G5_V1A_034,G5,V1A_034
G5_V1A_035,G5,V1A_035
G5_V1A_036,G5,V1A_036
G5_V1A_037,G5,V1A_037
G5_V1A_038,G5,V1A_038
G5_V1A_039,G5,V1A_039
G5_V1A_040,G5,V1A_040
G5_V1A_041,G5,V1A_041
G5_V1A_042,G5,V1A_042
G5_V1A_043,G5,V1A_043
G5_V1A_044,G5,V1A_044
G5_V1A_045,G5,V1A_045
G5_V1A_046,G5,V1A_046
G5_V1A_047,G5,V1A_047
G5_V1A_048,G5,V1A_048
G5_V1A_049,G5,V1A_049
G5_V1A_050,G5,V1A_050
G5_V1B_051,G5,V1B_051
G5_V1B_052,G5,V1B_052
G5_V1B_053,G5,V1B_053
G5_V1B_054,G5,V1B_054
G5_V1B_055,G5,V1B_055
G5_V1B_056,G5,V1B_056
G5_V1B_057,G5,V1B_057
G5_V1B_058,G5,V1B_058
G5_V1B_059,G5,V1B_059
G5_V1B_060,G5,V1B_060
G5_V1B_061,G5,V1B_061
G5_V1B_062,G5,V1B_062
G5_V1B_063,G5,V1B_063
G5_V1B_064,G5,V1B_064
G5_V1B_065,G5,V1B_065
G5_V1B_066,G5,V1B_066
G5_V1B_067,G5,V1B_067
G5_V1B_068,G5,V1B_068
G5_V1B_069,G5,V1B_069
G5_V1B_070,G5,V1B_070
G5_V1B_071,G5,V1B_071
G5_V1B_072,G5,V1B_072
G5_V1B_073,G5,V1B_073
G5_V1B_074,G5,V1B_074
G5_V1B_075,G5,V1B_075
G5_V1B_076,G5,V1B_076
G5_V1B_077,G5,V1B_077
G5_V1B_078,G5,V1B_078
G5_V1B_079,G5,V1B_079
G5_V1B_080,G5,V1B_080
G5_V1B_081,G5,V1B_081
G5_V1B_082,G5,V1B_082
G5_V1B_083,G5,V1B_083
G5_V1B_084,G5,V1B_084
G5_V1B_085,G5,V1B_085
G5_V1B_086,G5,V1B_086
G5_V1B_087,G5,V1B_087
G5_V1B_088,G5,V1B_088
G5_V1B_089,G5,V1B_089
G5_V1B_090,G5,V1B_090
G5_V1B_091,G5,V1B_091
G5_V1B_092,G5,V1B_092
G5_V1B_093,G5,V1B_093
G5_V1B_094,G5,V1B_094
G5_V1B_095,G5,V1B_095
G5_V1B_096,G5,V1B_096
G5_V1B_097,G5,V1B_097
G5_V1B_098,G5,V1B_098
G5_V1B_099,G5,V1B_099
G5_V1B_100,G5,V1B_100
G5_V1B_101,G5,V1B_101
G5_V1B_102,G5,V1B_102
G5_V1B_103,G5,V1B_103
G5_V1B_104,G5,V1B_104
G5_V1B_105,G5,V1B_105
G5_V1B_106,G5,V1B_106
G5_V1B_107,G5,V1B_107
G5_V1B_108,G5,V1B_108
G5_V1B_109,G5,V1B_109
G5_V1B_110,G5,V1B_110
G5_V1B_111,G5,V1B_111
G5_V1B_112,G5,V1B_112
G5_V1B_113,G5,V1B_113
G5_V1B_114,G5,V1B_114
G5_V1B_115,G5,V1B_115
G5_V1B_116,G5,V1B_116
G5_V1B_117,G5,V1B_117
G5_V1B_118,G5,V1B_118
G5_V1B_119,G5,V1B_119
G5_V1B_120,G5,V1B_120
G5_V1B_121,G5,V1B_121
G5_V1B_122,G5,V1B_122
G5_V1B_123,G5,V1B_123
G5_V1B_124,G5,V1B_124
G5_V1B_125,G5,V1B_125
G5_V1B_126,G5,V1B_126
G5_V1B_127,G5,V1B_127
G5_V1B_128,G5,V1B_128
G5_V1B_129,G5,V1B_129
G5_V1B_130,G5,V1B_130
G5_V1B_131,G5,V1B_131
G5_V1B_132,G5,V1B_132
G5_V1B_133,G5,V1B_133
G5_V1B_134,G5,V1B_134
G5_V1B_135,G5,V1B_135
G5_V1B_136,G5,V1B_136
G5_V1B_137,G5,V1B_137
G5_V1B_138,G5,V1B_138
G5_V1B_139,G5,V1B_139
G5_V1B_140,G5,V1B_140
G5_V1B_141,G5,V1B_141
G5_V1B_142,G5,V1B_142
G5_V1B_143,G5,V1B_143
G5_V1B_144,G5,V1B_144
G5_V1B_145,G5,V1B_145
G5_V1B_146,G5,V1B_146
G5_V1B_147,G5,V1B_147
G5_V1B_148,G5,V1B_148
G5_V1B_149,G5,V1B_149
G5_V1B_150,G5,V1B_150
G5_V1B_151,G5,V1B_151
G5_V1B_152,G5,V1B_152
G5_V1B_153,G5,V1B_153
G5_V1B_154,G5,V1B_154
G5_V1B_155,G5,V1B_155
G5_V1B_156,G5,V1B_156
G5_V1B_157,G5,V1B_157
G5_V1B_158,G5,V1B_158
G5_V1B_159,G5,V1B_159
G5_V1B_160,G5,V1B_160
G5_V1B_161,G5,V1B_161
G5_V1B_162,G5,V1B_162
G5_V1B_163,G5,V1B_163
G5_V1B_164,G5,V1B_164
G5_V1B_165,G5,V1B_165
G5_V1B_166,G5,V1B_166
G5_V1B_167,G5,V1B_167
G5_V1B_168,G5,V1B_168
G5_V1B_169,G5,V1B_169
G5_V1B_170,G5,V1B_170
G5_V1B_171,G5,V1B_171
G5_V1B_172,G5,V1B_172
G5_V1B_173,G5,V1B_173
G5_V1B_174,G5,V1B_174
G5_V1B_175,G5,V1B_175
G5_V1B_176,G5,V1B_176
G5_V1B_177,G5,V1B_177
G5_V1B_178,G5,V1B_178
G5_V1B_179,G5,V1B_179
G5_V1B_180,G5,V1B_180
G5_V1B_181,G5,V1B_181
G5_V1B_182,G5,V1B_182
G5_V1B_183,G5,V1B_183
G5_V1B_184,G5,V1B_184
G5_V1B_185,G5,V1B_185
G5_V1B_186,G5,V1B_186
G5_V1B_187,G5,V1B_187
G5_V1B_188,G5,V1B_188
G5_V1B_189,G5,V1B_189
G5_V1B_190,G5,V1B_190
G5_V1B_191,G5,V1B_191
G5_V1B_192,G5,V1B_192
G5_V1B_193,G5,V1B_193
G5_V1B_194,G5,V1B_194
G5_V1B_195,G5,V1B_195
G5_V1B_196,G5,V1B_196
G5_V1B_197,G5,V1B_197
G5_V1B_198,G5,V1B_198
G5_V1B_199,G5,V1B_199
G5_V1B_200,G5,V1B_200
G6_V4A_001,G6,V4A_001
G6_V4A_002,G6,V4A_002
G6_V4A_003,G6,V4A_003
G6_V4A_004,G6,V4A_004
G6_V4A_005,G6,V4A_005
G6_V4A_006,G6,V4A_006
G6_V4A_007,G6,V4A_007
G6_V4A_008,G6,V4A_008
G6_V4A_009,G6,V4A_009
G6_V4A_010,G6,V4A_010
G6_V4A_011,G6,V4A_011
G6_V4A_012,G6,V4A_012
G6_V4A_013,G6,V4A_013
G6_V4A_014,G6,V4A_014
G6_V4A_015,G6,V4A_015
G6_V4A_016,G6,V4A_016
G6_V4A_017,G6,V4A_017
G6_V4A_018,G6,V4A_018
G6_V4A_019,G6,V4A_019
G6_V4A_020,G6,V4A_020
G6_V4A_021,G6,V4A_021
G6_V4A_022,G6,V4A_022
G6_V4A_023,G6,V4A_023
G6_V4A_024,G6,V4A_024
G6_V4A_025,G6,V4A_025
G6_V4A_026,G6,V4A_026
G6_V4A_027,G6,V4A_027
G6_V4A_028,G6,V4A_028
G6_V4A_029,G6,V4A_029
G6_V4A_030,G6,V4A_030
G6_V4A_031,G6,V4A_031
G6_V4A_032,G6,V4A_032
G6_V4A_033,G6,V4A_033
G6_V4A_034,G6,V4A_034
G6_V4A_035,G6,V4A_035
G6_V4A_036,G6,V4A_036
G6_V4A_037,G6,V4A_037
G6_V4A_038,G6,V4A_038
G6_V4A_039,G6,V4A_039
G6_V4A_040,G6,V4A_040
G6_V4A_041,G6,V4A_041
G6_V4A_042,G6,V4A_042
G6_V4A_043,G6,V4A_043
G6_V4A_044,G6,V4A_044
G6_V4A_045,G6,V4A_045
G6_V4A_046,G6,V4A_046
G6_V4A_047,G6,V4A_047
G6_V4A_048,G6,V4A_048
G6_V4A_049,G6,V4A_049
G6_V4A_050,G6,V4A_050
G6_V4A_051,G6,V4A_051
G6_V4A_052,G6,V4A_052
G6_V4A_053,G6,V4A_053
G6_V4A_054,G6,V4A_054
G6_V4A_055,G6,V4A_055
G6_V4A_056,G6,V4A_056
G6_V4A_057,G6,V4A_057
G6_V4A_058,G6,V4A_058
G6_V4A_059,G6,V4A_059
G6_V4A_060,G6,V4A_060
G6_V4A_061,G6,V4A_061
G6_V4A_062,G6,V4A_062
G6_V4A_063,G6,V4A_063
G6_V4A_064,G6,V4A_064
G6_V4A_065,G6,V4A_065
G6_V4A_066,G6,V4A_066
G6_V4A_067,G6,V4A_067
G6_V4A_068,G6,V4A_068
G6_V4A_069,G6,V4A_069
G6_V4A_070,G6,V4A_070
G6_V4A_071,G6,V4A_071
G6_V4A_072,G6,V4A_072
G6_V4A_073,G6,V4A_073
G6_V4A_074,G6,V4A_074
G6_V4A_075,G6,V4A_075
G6_V4A_076,G6,V4A_076
G6_V4A_077,G6,V4A_077
G6_V4A_078,G6,V4A_078
G6_V4A_079,G6,V4A_079
G6_V4A_080,G6,V4A_080
G6_V4A_081,G6,V4A_081
G6_V4A_082,G6,V4A_082
G6_V4A_083,G6,V4A_083
G6_V4A_084,G6,V4A_084
G6_V4A_085,G6,V4A_085
G6_V4A_086,G6,V4A_086
G6_V4A_087,G6,V4A_087
G6_V4A_088,G6,V4A_088
G6_V4A_089,G6,V4A_089
G6_V4A_090,G6,V4A_090
G6_V4A_091,G6,V4A_091
G6_V4A_092,G6,V4A_092
G6_V4A_093,G6,V4A_093
G6_V4A_094,G6,V4A_094
G6_V4A_095,G6,V4A_095
G6_V4A_096,G6,V4A_096
G6_V4A_097,G6,V4A_097
G6_V4A_098,G6,V4A_098
G6_V4A_099,G6,V4A_099
G6_V4A_100,G6,V4A_100
G6_V4B_101,G6,V4B_101
G6_V4B_102,G6,V4B_102
G6_V4B_103,G6,V4B_103
G6_V4B_104,G6,V4B_104
G6_V4B_105,G6,V4B_105
G6_V4B_106,G6,V4B_106
G6_V4B_107,G6,V4B_107
G6_V4B_108,G6,V4B_108
G6_V4B_109,G6,V4B_109
G6_V4B_110,G6,V4B_110
G6_V4B_111,G6,V4B_111
G6_V4B_112,G6,V4B_112
G6_V4B_113,G6,V4B_113
G6_V4B_114,G6,V4B_114
G6_V4B_115,G6,V4B_115
G6_V4B_116,G6,V4B_116
G6_V4B_117,G6,V4B_117
G6_V4B_118,G6,V4B_118
G6_V4B_119,G6,V4B_119
G6_V4B_120,G6,V4B_120
G6_V4B_121,G6,V4B_121
G6_V4B_122,G6,V4B_122
G6_V4B_123,G6,V4B_123
G6_V4B_124,G6,V4B_124
G6_V4B_125,G6,V4B_125
G6_V4B_126,G6,V4B_126
G6_V4B_127,G6,V4B_127
G6_V4B_128,G6,V4B_128
G6_V4B_129,G6,V4B_129
G6_V4B_130,G6,V4B_130
G6_V4B_131,G6,V4B_131
G6_V4B_132,G6,V4B_132
G6_V4B_133,G6,V4B_133
G6_V4B_134,G6,V4B_134
G6_V4B_135,G6,V4B_135
G6_V4B_136,G6,V4B_136
G6_V4B_137,G6,V4B_137
G6_V4B_138,G6,V4B_138
G6_V4B_139,G6,V4B_139
G6_V4B_140,G6,V4B_140
G6_V4B_141,G6,V4B_141
G6_V4B_142,G6,V4B_142
G6_V4B_143,G6,V4B_143
G6_V4B_144,G6,V4B_144
G6_V4B_145,G6,V4B_145
G6_V4B_146,G6,V4B_146
G6_V4B_147,G6,V4B_147
G6_V4B_148,G6,V4B_148
G6_V4B_149,G6,V4B_149
G6_V4B_150,G6,V4B_150
G6_V4B_151,G6,V4B_151
G6_V4B_152,G6,V4B_152
G6_V4B_153,G6,V4B_153
G6_V4B_154,G6,V4B_154
G6_V4B_155,G6,V4B_155
G6_V4B_156,G6,V4B_156
G6_V4B_157,G6,V4B_157
G6_V4B_158,G6,V4B_158
G6_V4B_159,G6,V4B_159
G6_V4B_160,G6,V4B_160
G6_V4B_161,G6,V4B_161
G6_V4B_162,G6,V4B_162
G6_V4B_163,G6,V4B_163
G6_V4B_164,G6,V4B_164
G6_V4B_165,G6,V4B_165
G6_V4B_166,G6,V4B_166
G6_V4B_167,G6,V4B_167
G6_V4B_168,G6,V4B_168
G6_V4B_169,G6,V4B_169
G6_V4B_170,G6,V4B_170
G6_V4B_171,G6,V4B_171
G6_V4B_172,G6,V4B_172
G6_V4B_173,G6,V4B_173
G6_V4B_174,G6,V4B_174
G6_V4B_175,G6,V4B_175
G6_V4B_176,G6,V4B_176
G6_V4B_177,G6,V4B_177
G6_V4B_178,G6,V4B_178
G6_V4B_179,G6,V4B_179
G6_V4B_180,G6,V4B_180
G6_V4B_181,G6,V4B_181
G6_V4B_182,G6,V4B_182
G6_V4B_183,G6,V4B_183
G6_V4B_184,G6,V4B_184
G6_V4B_185,G6,V4B_185
G6_V4B_186,G6,V4B_186
G6_V4B_187,G6,V4B_187
G6_V4B_188,G6,V4B_188
G6_V4B_189,G6,V4B_189
G6_V4B_190,G6,V4B_190
G6_V4B_191,G6,V4B_191
G6_V4B_192,G6,V4B_192
G6_V4B_193,G6,V4B_193
G6_V4B_194,G6,V4B_194
G6_V4B_195,G6,V4B_195
G6_V4B_196,G6,V4B_196
G6_V4B_197,G6,V4B_197
G6_V4B_198,G6,V4B_198
G6_V4B_199,G6,V4B_199
G6_V4B_200,G6,V4B_200
G6_V4B_201,G6,V4B_201
G6_V4B_202,G6,V4B_202
G6_V4B_203,G6,V4B_203
G6_V4B_204,G6,V4B_204
G6_V4B_205,G6,V4B_205
G6_V4B_206,G6,V4B_206
G6_V4B_207,G6,V4B_207
G6_V4B_208,G6,V4B_208
G6_V4B_209,G6,V4B_209
G6_V4B_210,G6,V4B_210
G6_V4B_211,G6,V4B_211
G6_V4B_212,G6,V4B_212
G6_V4B_213,G6,V4B_213
G6_V4B_214,G6,V4B_214
G6_V4B_215,G6,V4B_215
G6_V4B_216,G6,V4B_216
G6_V4B_217,G6,V4B_217
G6_V4B_218,G6,V4B_218
G6_V4B_219,G6,V4B_219
G6_V4B_220,G6,V4B_220
G6_V4B_221,G6,V4B_221
G6_V4B_222,G6,V4B_222
G6_V4B_223,G6,V4B_223
G6_V4B_224,G6,V4B_224
G6_V4B_225,G6,V4B_225
G6_V4B_226,G6,V4B_226
G6_V4B_227,G6,V4B_227
G6_V4B_228,G6,V4B_228
G6_V4B_229,G6,V4B_229
G6_V4B_230,G6,V4B_230
G6_V4B_231,G6,V4B_231
G6_V4B_232,G6,V4B_232
G6_V4B_233,G6,V4B_233
G6_V4B_234,G6,V4B_234
G6_V4B_235,G6,V4B_235
G6_V4B_236,G6,V4B_236
G6_V4B_237,G6,V4B_237
G6_V4B_238,G6,V4B_238
G6_V4B_239,G6,V4B_239
G6_V4B_240,G6,V4B_240
G6_V4B_241,G6,V4B_241
G6_V4B_242,G6,V4B_242
G6_V4B_243,G6,V4B_243
G6_V4B_244,G6,V4B_244
G6_V4B_245,G6,V4B_245
G6_V4B_246,G6,V4B_246
G6_V4B_247,G6,V4B_247
G6_V4B_248,G6,V4B_248
G6_V4B_249,G6,V4B_249
G6_V4B_250,G6,V4B_250
G6_V4B_251,G6,V4B_251
G6_V4B_252,G6,V4B_252
G6_V4B_253,G6,V4B_253
G6_V4B_254,G6,V4B_254
G6_V4B_255,G6,V4B_255
G6_V4B_256,G6,V4B_256
G6_V4B_257,G6,V4B_257
G6_V4B_258,G6,V4B_258
G6_V4B_259,G6,V4B_259
G6_V4B_260,G6,V4B_260
G6_V4B_261,G6,V4B_261
G6_V4B_262,G6,V4B_262
G6_V4B_263,G6,V4B_263
G6_V4B_264,G6,V4B_264
G6_V4B_265,G6,V4B_265
G6_V4B_266,G6,V4B_266
G6_V4B_267,G6,V4B_267
G6_V4B_268,G6,V4B_268
G6_V4B_269,G6,V4B_269
G6_V4B_270,G6,V4B_270
G6_V4B_271,G6,V4B_271
G6_V4B_272,G6,V4B_272
G6_V4B_273,G6,V4B_273
G6_V4B_274,G6,V4B_274
G6_V4B_275,G6,V4B_275
G6_V4B_276,G6,V4B_276
G6_V4B_277,G6,V4B_277
G6_V4B_278,G6,V4B_278
G6_V4B_279,G6,V4B_279
G6_V4B_280,G6,V4B_280
G6_V4B_281,G6,V4B_281
G6_V4B_282,G6,V4B_282
G6_V4B_283,G6,V4B_283
G6_V4B_284,G6,V4B_284
G6_V4B_285,G6,V4B_285
G6_V4B_286,G6,V4B_286
G6_V4B_287,G6,V4B_287
G6_V4B_288,G6,V4B_288
G6_V4B_289,G6,V4B_289
G6_V4B_290,G6,V4B_290
G6_V4B_291,G6,V4B_291
G6_V4B_292,G6,V4B_292
G6_V4B_293,G6,V4B_293
G6_V4B_294,G6,V4B_294
G6_V4B_295,G6,V4B_295
G6_V4B_296,G6,V4B_296
G6_V4B_297,G6,V4B_297
G6_V4B_298,G6,V4B_298
G6_V4B_299,G6,V4B_299
G6_V4B_300,G6,V4B_300
G6_V4B_301,G6,V4B_301
G6_V4B_302,G6,V4B_302
G6_V4B_303,G6,V4B_303
G6_V4B_304,G6,V4B_304
G6_V4B_305,G6,V4B_305
G6_V4B_306,G6,V4B_306
G6_V4B_307,G6,V4B_307
G6_V4B_308,G6,V4B_308
G6_V4B_309,G6,V4B_309
G6_V4B_310,G6,V4B_310
G6_V4B_311,G6,V4B_311
G6_V4B_312,G6,V4B_312
G6_V4B_313,G6,V4B_313
G6_V4B_314,G6,V4B_314
G6_V4B_315,G6,V4B_315
G6_V4B_316,G6,V4B_316
G6_V4B_317,G6,V4B_317
G6_V4B_318,G6,V4B_318
G6_V4B_319,G6,V4B_319
G6_V4B_320,G6,V4B_320
G6_V4B_321,G6,V4B_321
G6_V4B_322,G6,V4B_322
G6_V4B_323,G6,V4B_323
G6_V4B_324,G6,V4B_324
G6_V4B_325,G6,V4B_325
G6_V4B_326,G6,V4B_326
G6_V4B_327,G6,V4B_327
G6_V4B_328,G6,V4B_328
G6_V4B_329,G6,V4B_329
G6_V4B_330,G6,V4B_330
G6_V4B_331,G6,V4B_331
G6_V4B_332,G6,V4B_332
G6_V4B_333,G6,V4B_333
G6_V4B_334,G6,V4B_334
G6_V4B_335,G6,V4B_335
G6_V4B_336,G6,V4B_336
G6_V4B_337,G6,V4B_337
G6_V4B_338,G6,V4B_338
G6_V4B_339,G6,V4B_339
G6_V4B_340,G6,V4B_340
G6_V4B_341,G6,V4B_341
G6_V4B_342,G6,V4B_342
G6_V4B_343,G6,V4B_343
G6_V4B_344,G6,V4B_344
G6_V4B_345,G6,V4B_345
G6_V4B_346,G6,V4B_346
G6_V4B_347,G6,V4B_347
G6_V4B_348,G6,V4B_348
G6_V4B_349,G6,V4B_349
G6_V4B_350,G6,V4B_350
G6_V4B_351,G6,V4B_351
G6_V4B_352,G6,V4B_352
G6_V4B_353,G6,V4B_353
G6_V4B_354,G6,V4B_354
G6_V4B_355,G6,V4B_355
G6_V4B_356,G6,V4B_356
G6_V4B_357,G6,V4B_357
G6_V4B_358,G6,V4B_358
G6_V4B_359,G6,V4B_359
G6_V4B_360,G6,V4B_360
G6_V4B_361,G6,V4B_361
G6_V4B_362,G6,V4B_362
G6_V4B_363,G6,V4B_363
G6_V4B_364,G6,V4B_364
G6_V4B_365,G6,V4B_365
G6_V4B_366,G6,V4B_366
G6_V4B_367,G6,V4B_367
G6_V4B_368,G6,V4B_368
G6_V4B_369,G6,V4B_369
G6_V4B_370,G6,V4B_370
G6_V4B_371,G6,V4B_371
G6_V4B_372,G6,V4B_372
G6_V4B_373,G6,V4B_373
G6_V4B_374,G6,V4B_374
G6_V4B_375,G6,V4B_375
G6_V4B_376,G6,V4B_376
G6_V4B_377,G6,V4B_377
G6_V4B_378,G6,V4B_378
G6_V4B_379,G6,V4B_379
G6_V4B_380,G6,V4B_380
G6_V4B_381,G6,V4B_381
G6_V4B_382,G6,V4B_382
G6_V4B_383,G6,V4B_383
G6_V4B_384,G6,V4B_384
G6_V4B_385,G6,V4B_385
G6_V4B_386,G6,V4B_386
G6_V4B_387,G6,V4B_387
G6_V4B_388,G6,V4B_388
G6_V4B_389,G6,V4B_389
G6_V4B_390,G6,V4B_390
G6_V4B_391,G6,V4B_391
G6_V4B_392,G6,V4B_392
G6_V4B_393,G6,V4B_393
G6_V4B_394,G6,V4B_394
G6_V4B_395,G6,V4B_395
G6_V4B_396,G6,V4B_396
G6_V4B_397,G6,V4B_397
G6_V4B_398,G6,V4B_398
G6_V4B_399,G6,V4B_399
G6_V4B_400,G6,V4B_400